url,source,category,country,wikipedia_page
https://www.knollpharmaceuticals.com,Wikipedia,Category:Pharmaceutical_companies_of_Germany,Germany,https://en.wikipedia.org/wiki/Knoll_Pharmaceuticals
https://knollpharmaceuticals.com,Wikipedia,Category:Pharmaceutical_companies_of_Germany,Germany,https://en.wikipedia.org/wiki/Knoll_Pharmaceuticals
https://www.knollpharmaceuticals.eu,Wikipedia,Category:Pharmaceutical_companies_of_Germany,Germany,https://en.wikipedia.org/wiki/Knoll_Pharmaceuticals
https://www.knollpharmaceuticals.de,Wikipedia,Category:Pharmaceutical_companies_of_Germany,Germany,https://en.wikipedia.org/wiki/Knoll_Pharmaceuticals
https://knollpharmaceuticals.de,Wikipedia,Category:Pharmaceutical_companies_of_Germany,Germany,https://en.wikipedia.org/wiki/Knoll_Pharmaceuticals
https://www.medicinechestidiom.com,Wikipedia,Category:Pharmaceutical_companies_of_Germany,Germany,https://en.wikipedia.org/wiki/Medicine_chest_(idiom)
https://medicinechestidiom.com,Wikipedia,Category:Pharmaceutical_companies_of_Germany,Germany,https://en.wikipedia.org/wiki/Medicine_chest_(idiom)
https://www.medicinechestidiom.eu,Wikipedia,Category:Pharmaceutical_companies_of_Germany,Germany,https://en.wikipedia.org/wiki/Medicine_chest_(idiom)
https://www.medicinechestidiom.de,Wikipedia,Category:Pharmaceutical_companies_of_Germany,Germany,https://en.wikipedia.org/wiki/Medicine_chest_(idiom)
https://medicinechestidiom.de,Wikipedia,Category:Pharmaceutical_companies_of_Germany,Germany,https://en.wikipedia.org/wiki/Medicine_chest_(idiom)
https://www.pharmaceuticalcompaniesbycountry.com,Wikipedia,Category:Pharmaceutical_companies_of_Germany,Germany,https://en.wikipedia.org/wiki/Category:Pharmaceutical_companies_by_country
https://pharmaceuticalcompaniesbycountry.com,Wikipedia,Category:Pharmaceutical_companies_of_Germany,Germany,https://en.wikipedia.org/wiki/Category:Pharmaceutical_companies_by_country
https://www.pharmaceuticalcompaniesbycountry.eu,Wikipedia,Category:Pharmaceutical_companies_of_Germany,Germany,https://en.wikipedia.org/wiki/Category:Pharmaceutical_companies_by_country
https://www.pharmaceuticalcompaniesbycountry.de,Wikipedia,Category:Pharmaceutical_companies_of_Germany,Germany,https://en.wikipedia.org/wiki/Category:Pharmaceutical_companies_by_country
https://pharmaceuticalcompaniesbycountry.de,Wikipedia,Category:Pharmaceutical_companies_of_Germany,Germany,https://en.wikipedia.org/wiki/Category:Pharmaceutical_companies_by_country
https://www.drugsingermany.com,Wikipedia,Category:Pharmaceutical_companies_of_Germany,Germany,https://en.wikipedia.org/wiki/Category:Drugs_in_Germany
https://drugsingermany.com,Wikipedia,Category:Pharmaceutical_companies_of_Germany,Germany,https://en.wikipedia.org/wiki/Category:Drugs_in_Germany
https://www.drugsingermany.eu,Wikipedia,Category:Pharmaceutical_companies_of_Germany,Germany,https://en.wikipedia.org/wiki/Category:Drugs_in_Germany
https://www.drugsingermany.de,Wikipedia,Category:Pharmaceutical_companies_of_Germany,Germany,https://en.wikipedia.org/wiki/Category:Drugs_in_Germany
https://drugsingermany.de,Wikipedia,Category:Pharmaceutical_companies_of_Germany,Germany,https://en.wikipedia.org/wiki/Category:Drugs_in_Germany
https://www.healthcarecompaniesofgermany.com,Wikipedia,Category:Pharmaceutical_companies_of_Germany,Germany,https://en.wikipedia.org/wiki/Category:Health_care_companies_of_Germany
https://healthcarecompaniesofgermany.com,Wikipedia,Category:Pharmaceutical_companies_of_Germany,Germany,https://en.wikipedia.org/wiki/Category:Health_care_companies_of_Germany
https://www.healthcarecompaniesofgermany.eu,Wikipedia,Category:Pharmaceutical_companies_of_Germany,Germany,https://en.wikipedia.org/wiki/Category:Health_care_companies_of_Germany
https://www.healthcarecompaniesofgermany.de,Wikipedia,Category:Pharmaceutical_companies_of_Germany,Germany,https://en.wikipedia.org/wiki/Category:Health_care_companies_of_Germany
https://healthcarecompaniesofgermany.de,Wikipedia,Category:Pharmaceutical_companies_of_Germany,Germany,https://en.wikipedia.org/wiki/Category:Health_care_companies_of_Germany
https://www.listofpharmaceuticalmanufacturersintheunitedkingdom.com,Wikipedia,Category:Pharmaceutical_companies_of_the_United_Kingdom,United Kingdom,https://en.wikipedia.org/wiki/List_of_pharmaceutical_manufacturers_in_the_United_Kingdom
https://listofpharmaceuticalmanufacturersintheunitedkingdom.com,Wikipedia,Category:Pharmaceutical_companies_of_the_United_Kingdom,United Kingdom,https://en.wikipedia.org/wiki/List_of_pharmaceutical_manufacturers_in_the_United_Kingdom
https://www.listofpharmaceuticalmanufacturersintheunitedkingdom.eu,Wikipedia,Category:Pharmaceutical_companies_of_the_United_Kingdom,United Kingdom,https://en.wikipedia.org/wiki/List_of_pharmaceutical_manufacturers_in_the_United_Kingdom
https://www.listofpharmaceuticalmanufacturersintheunitedkingdom.co.uk,Wikipedia,Category:Pharmaceutical_companies_of_the_United_Kingdom,United Kingdom,https://en.wikipedia.org/wiki/List_of_pharmaceutical_manufacturers_in_the_United_Kingdom
https://listofpharmaceuticalmanufacturersintheunitedkingdom.co.uk,Wikipedia,Category:Pharmaceutical_companies_of_the_United_Kingdom,United Kingdom,https://en.wikipedia.org/wiki/List_of_pharmaceutical_manufacturers_in_the_United_Kingdom
https://www.listofpharmaceuticalmanufacturersintheunitedkingdom.uk,Wikipedia,Category:Pharmaceutical_companies_of_the_United_Kingdom,United Kingdom,https://en.wikipedia.org/wiki/List_of_pharmaceutical_manufacturers_in_the_United_Kingdom
https://listofpharmaceuticalmanufacturersintheunitedkingdom.uk,Wikipedia,Category:Pharmaceutical_companies_of_the_United_Kingdom,United Kingdom,https://en.wikipedia.org/wiki/List_of_pharmaceutical_manufacturers_in_the_United_Kingdom
https://www.crookeshealthcare.com,Wikipedia,Category:Pharmaceutical_companies_of_the_United_Kingdom,United Kingdom,https://en.wikipedia.org/wiki/Crookes_Healthcare
https://crookeshealthcare.com,Wikipedia,Category:Pharmaceutical_companies_of_the_United_Kingdom,United Kingdom,https://en.wikipedia.org/wiki/Crookes_Healthcare
https://www.crookeshealthcare.eu,Wikipedia,Category:Pharmaceutical_companies_of_the_United_Kingdom,United Kingdom,https://en.wikipedia.org/wiki/Crookes_Healthcare
https://www.crookeshealthcare.co.uk,Wikipedia,Category:Pharmaceutical_companies_of_the_United_Kingdom,United Kingdom,https://en.wikipedia.org/wiki/Crookes_Healthcare
https://crookeshealthcare.co.uk,Wikipedia,Category:Pharmaceutical_companies_of_the_United_Kingdom,United Kingdom,https://en.wikipedia.org/wiki/Crookes_Healthcare
https://www.crookeshealthcare.uk,Wikipedia,Category:Pharmaceutical_companies_of_the_United_Kingdom,United Kingdom,https://en.wikipedia.org/wiki/Crookes_Healthcare
https://crookeshealthcare.uk,Wikipedia,Category:Pharmaceutical_companies_of_the_United_Kingdom,United Kingdom,https://en.wikipedia.org/wiki/Crookes_Healthcare
https://www.eleusispharmaceuticalcompany.com,Wikipedia,Category:Pharmaceutical_companies_of_the_United_Kingdom,United Kingdom,https://en.wikipedia.org/wiki/Eleusis_(pharmaceutical_company)
https://eleusispharmaceuticalcompany.com,Wikipedia,Category:Pharmaceutical_companies_of_the_United_Kingdom,United Kingdom,https://en.wikipedia.org/wiki/Eleusis_(pharmaceutical_company)
https://www.eleusispharmaceuticalcompany.eu,Wikipedia,Category:Pharmaceutical_companies_of_the_United_Kingdom,United Kingdom,https://en.wikipedia.org/wiki/Eleusis_(pharmaceutical_company)
https://www.eleusispharmaceuticalcompany.co.uk,Wikipedia,Category:Pharmaceutical_companies_of_the_United_Kingdom,United Kingdom,https://en.wikipedia.org/wiki/Eleusis_(pharmaceutical_company)
https://eleusispharmaceuticalcompany.co.uk,Wikipedia,Category:Pharmaceutical_companies_of_the_United_Kingdom,United Kingdom,https://en.wikipedia.org/wiki/Eleusis_(pharmaceutical_company)
https://www.eleusispharmaceuticalcompany.uk,Wikipedia,Category:Pharmaceutical_companies_of_the_United_Kingdom,United Kingdom,https://en.wikipedia.org/wiki/Eleusis_(pharmaceutical_company)
https://eleusispharmaceuticalcompany.uk,Wikipedia,Category:Pharmaceutical_companies_of_the_United_Kingdom,United Kingdom,https://en.wikipedia.org/wiki/Eleusis_(pharmaceutical_company)
https://www.gentechpharmaceutical.com,Wikipedia,Category:Pharmaceutical_companies_of_the_United_Kingdom,United Kingdom,https://en.wikipedia.org/wiki/Gentech_Pharmaceutical
https://gentechpharmaceutical.com,Wikipedia,Category:Pharmaceutical_companies_of_the_United_Kingdom,United Kingdom,https://en.wikipedia.org/wiki/Gentech_Pharmaceutical
https://www.gentechpharmaceutical.eu,Wikipedia,Category:Pharmaceutical_companies_of_the_United_Kingdom,United Kingdom,https://en.wikipedia.org/wiki/Gentech_Pharmaceutical
https://www.gentechpharmaceutical.co.uk,Wikipedia,Category:Pharmaceutical_companies_of_the_United_Kingdom,United Kingdom,https://en.wikipedia.org/wiki/Gentech_Pharmaceutical
https://gentechpharmaceutical.co.uk,Wikipedia,Category:Pharmaceutical_companies_of_the_United_Kingdom,United Kingdom,https://en.wikipedia.org/wiki/Gentech_Pharmaceutical
https://www.gentechpharmaceutical.uk,Wikipedia,Category:Pharmaceutical_companies_of_the_United_Kingdom,United Kingdom,https://en.wikipedia.org/wiki/Gentech_Pharmaceutical
https://gentechpharmaceutical.uk,Wikipedia,Category:Pharmaceutical_companies_of_the_United_Kingdom,United Kingdom,https://en.wikipedia.org/wiki/Gentech_Pharmaceutical
https://www.gwpharmaceuticals.com,Wikipedia,Category:Pharmaceutical_companies_of_the_United_Kingdom,United Kingdom,https://en.wikipedia.org/wiki/GW_Pharmaceuticals
https://gwpharmaceuticals.com,Wikipedia,Category:Pharmaceutical_companies_of_the_United_Kingdom,United Kingdom,https://en.wikipedia.org/wiki/GW_Pharmaceuticals
https://www.gwpharmaceuticals.eu,Wikipedia,Category:Pharmaceutical_companies_of_the_United_Kingdom,United Kingdom,https://en.wikipedia.org/wiki/GW_Pharmaceuticals
https://www.gwpharmaceuticals.co.uk,Wikipedia,Category:Pharmaceutical_companies_of_the_United_Kingdom,United Kingdom,https://en.wikipedia.org/wiki/GW_Pharmaceuticals
https://gwpharmaceuticals.co.uk,Wikipedia,Category:Pharmaceutical_companies_of_the_United_Kingdom,United Kingdom,https://en.wikipedia.org/wiki/GW_Pharmaceuticals
https://www.gwpharmaceuticals.uk,Wikipedia,Category:Pharmaceutical_companies_of_the_United_Kingdom,United Kingdom,https://en.wikipedia.org/wiki/GW_Pharmaceuticals
https://gwpharmaceuticals.uk,Wikipedia,Category:Pharmaceutical_companies_of_the_United_Kingdom,United Kingdom,https://en.wikipedia.org/wiki/GW_Pharmaceuticals
https://www.hikmapharmaceuticals.com,Wikipedia,Category:Pharmaceutical_companies_of_the_United_Kingdom,United Kingdom,https://en.wikipedia.org/wiki/Hikma_Pharmaceuticals
https://hikmapharmaceuticals.com,Wikipedia,Category:Pharmaceutical_companies_of_the_United_Kingdom,United Kingdom,https://en.wikipedia.org/wiki/Hikma_Pharmaceuticals
https://www.hikmapharmaceuticals.eu,Wikipedia,Category:Pharmaceutical_companies_of_the_United_Kingdom,United Kingdom,https://en.wikipedia.org/wiki/Hikma_Pharmaceuticals
https://www.hikmapharmaceuticals.co.uk,Wikipedia,Category:Pharmaceutical_companies_of_the_United_Kingdom,United Kingdom,https://en.wikipedia.org/wiki/Hikma_Pharmaceuticals
https://hikmapharmaceuticals.co.uk,Wikipedia,Category:Pharmaceutical_companies_of_the_United_Kingdom,United Kingdom,https://en.wikipedia.org/wiki/Hikma_Pharmaceuticals
https://www.hikmapharmaceuticals.uk,Wikipedia,Category:Pharmaceutical_companies_of_the_United_Kingdom,United Kingdom,https://en.wikipedia.org/wiki/Hikma_Pharmaceuticals
https://hikmapharmaceuticals.uk,Wikipedia,Category:Pharmaceutical_companies_of_the_United_Kingdom,United Kingdom,https://en.wikipedia.org/wiki/Hikma_Pharmaceuticals
https://www.quantumpharmaceutical.com,Wikipedia,Category:Pharmaceutical_companies_of_the_United_Kingdom,United Kingdom,https://en.wikipedia.org/wiki/Quantum_Pharmaceutical
https://quantumpharmaceutical.com,Wikipedia,Category:Pharmaceutical_companies_of_the_United_Kingdom,United Kingdom,https://en.wikipedia.org/wiki/Quantum_Pharmaceutical
https://www.quantumpharmaceutical.eu,Wikipedia,Category:Pharmaceutical_companies_of_the_United_Kingdom,United Kingdom,https://en.wikipedia.org/wiki/Quantum_Pharmaceutical
https://www.quantumpharmaceutical.co.uk,Wikipedia,Category:Pharmaceutical_companies_of_the_United_Kingdom,United Kingdom,https://en.wikipedia.org/wiki/Quantum_Pharmaceutical
https://quantumpharmaceutical.co.uk,Wikipedia,Category:Pharmaceutical_companies_of_the_United_Kingdom,United Kingdom,https://en.wikipedia.org/wiki/Quantum_Pharmaceutical
https://www.quantumpharmaceutical.uk,Wikipedia,Category:Pharmaceutical_companies_of_the_United_Kingdom,United Kingdom,https://en.wikipedia.org/wiki/Quantum_Pharmaceutical
https://quantumpharmaceutical.uk,Wikipedia,Category:Pharmaceutical_companies_of_the_United_Kingdom,United Kingdom,https://en.wikipedia.org/wiki/Quantum_Pharmaceutical
https://www.reliantpharmaceuticals.com,Wikipedia,Category:Pharmaceutical_companies_of_the_United_Kingdom,United Kingdom,https://en.wikipedia.org/wiki/Reliant_Pharmaceuticals
https://reliantpharmaceuticals.com,Wikipedia,Category:Pharmaceutical_companies_of_the_United_Kingdom,United Kingdom,https://en.wikipedia.org/wiki/Reliant_Pharmaceuticals
https://www.reliantpharmaceuticals.eu,Wikipedia,Category:Pharmaceutical_companies_of_the_United_Kingdom,United Kingdom,https://en.wikipedia.org/wiki/Reliant_Pharmaceuticals
https://www.reliantpharmaceuticals.co.uk,Wikipedia,Category:Pharmaceutical_companies_of_the_United_Kingdom,United Kingdom,https://en.wikipedia.org/wiki/Reliant_Pharmaceuticals
https://reliantpharmaceuticals.co.uk,Wikipedia,Category:Pharmaceutical_companies_of_the_United_Kingdom,United Kingdom,https://en.wikipedia.org/wiki/Reliant_Pharmaceuticals
https://www.reliantpharmaceuticals.uk,Wikipedia,Category:Pharmaceutical_companies_of_the_United_Kingdom,United Kingdom,https://en.wikipedia.org/wiki/Reliant_Pharmaceuticals
https://reliantpharmaceuticals.uk,Wikipedia,Category:Pharmaceutical_companies_of_the_United_Kingdom,United Kingdom,https://en.wikipedia.org/wiki/Reliant_Pharmaceuticals
https://www.shirepharmaceuticalcompany.com,Wikipedia,Category:Pharmaceutical_companies_of_the_United_Kingdom,United Kingdom,https://en.wikipedia.org/wiki/Shire_(pharmaceutical_company)
https://shirepharmaceuticalcompany.com,Wikipedia,Category:Pharmaceutical_companies_of_the_United_Kingdom,United Kingdom,https://en.wikipedia.org/wiki/Shire_(pharmaceutical_company)
https://www.shirepharmaceuticalcompany.eu,Wikipedia,Category:Pharmaceutical_companies_of_the_United_Kingdom,United Kingdom,https://en.wikipedia.org/wiki/Shire_(pharmaceutical_company)
https://www.shirepharmaceuticalcompany.co.uk,Wikipedia,Category:Pharmaceutical_companies_of_the_United_Kingdom,United Kingdom,https://en.wikipedia.org/wiki/Shire_(pharmaceutical_company)
https://shirepharmaceuticalcompany.co.uk,Wikipedia,Category:Pharmaceutical_companies_of_the_United_Kingdom,United Kingdom,https://en.wikipedia.org/wiki/Shire_(pharmaceutical_company)
https://www.shirepharmaceuticalcompany.uk,Wikipedia,Category:Pharmaceutical_companies_of_the_United_Kingdom,United Kingdom,https://en.wikipedia.org/wiki/Shire_(pharmaceutical_company)
https://shirepharmaceuticalcompany.uk,Wikipedia,Category:Pharmaceutical_companies_of_the_United_Kingdom,United Kingdom,https://en.wikipedia.org/wiki/Shire_(pharmaceutical_company)
https://www.viivhealthcare.com,Wikipedia,Category:Pharmaceutical_companies_of_the_United_Kingdom,United Kingdom,https://en.wikipedia.org/wiki/ViiV_Healthcare
https://viivhealthcare.com,Wikipedia,Category:Pharmaceutical_companies_of_the_United_Kingdom,United Kingdom,https://en.wikipedia.org/wiki/ViiV_Healthcare
https://www.viivhealthcare.eu,Wikipedia,Category:Pharmaceutical_companies_of_the_United_Kingdom,United Kingdom,https://en.wikipedia.org/wiki/ViiV_Healthcare
https://www.viivhealthcare.co.uk,Wikipedia,Category:Pharmaceutical_companies_of_the_United_Kingdom,United Kingdom,https://en.wikipedia.org/wiki/ViiV_Healthcare
https://viivhealthcare.co.uk,Wikipedia,Category:Pharmaceutical_companies_of_the_United_Kingdom,United Kingdom,https://en.wikipedia.org/wiki/ViiV_Healthcare
https://www.viivhealthcare.uk,Wikipedia,Category:Pharmaceutical_companies_of_the_United_Kingdom,United Kingdom,https://en.wikipedia.org/wiki/ViiV_Healthcare
https://viivhealthcare.uk,Wikipedia,Category:Pharmaceutical_companies_of_the_United_Kingdom,United Kingdom,https://en.wikipedia.org/wiki/ViiV_Healthcare
https://www.pharmaceuticalcompaniesbycountry.co.uk,Wikipedia,Category:Pharmaceutical_companies_of_the_United_Kingdom,United Kingdom,https://en.wikipedia.org/wiki/Category:Pharmaceutical_companies_by_country
https://pharmaceuticalcompaniesbycountry.co.uk,Wikipedia,Category:Pharmaceutical_companies_of_the_United_Kingdom,United Kingdom,https://en.wikipedia.org/wiki/Category:Pharmaceutical_companies_by_country
https://www.pharmaceuticalcompaniesbycountry.uk,Wikipedia,Category:Pharmaceutical_companies_of_the_United_Kingdom,United Kingdom,https://en.wikipedia.org/wiki/Category:Pharmaceutical_companies_by_country
https://pharmaceuticalcompaniesbycountry.uk,Wikipedia,Category:Pharmaceutical_companies_of_the_United_Kingdom,United Kingdom,https://en.wikipedia.org/wiki/Category:Pharmaceutical_companies_by_country
https://www.pharmaceuticalindustryintheunitedkingdom.com,Wikipedia,Category:Pharmaceutical_companies_of_the_United_Kingdom,United Kingdom,https://en.wikipedia.org/wiki/Category:Pharmaceutical_industry_in_the_United_Kingdom
https://pharmaceuticalindustryintheunitedkingdom.com,Wikipedia,Category:Pharmaceutical_companies_of_the_United_Kingdom,United Kingdom,https://en.wikipedia.org/wiki/Category:Pharmaceutical_industry_in_the_United_Kingdom
https://www.pharmaceuticalindustryintheunitedkingdom.eu,Wikipedia,Category:Pharmaceutical_companies_of_the_United_Kingdom,United Kingdom,https://en.wikipedia.org/wiki/Category:Pharmaceutical_industry_in_the_United_Kingdom
https://www.pharmaceuticalindustryintheunitedkingdom.co.uk,Wikipedia,Category:Pharmaceutical_companies_of_the_United_Kingdom,United Kingdom,https://en.wikipedia.org/wiki/Category:Pharmaceutical_industry_in_the_United_Kingdom
https://pharmaceuticalindustryintheunitedkingdom.co.uk,Wikipedia,Category:Pharmaceutical_companies_of_the_United_Kingdom,United Kingdom,https://en.wikipedia.org/wiki/Category:Pharmaceutical_industry_in_the_United_Kingdom
https://www.pharmaceuticalindustryintheunitedkingdom.uk,Wikipedia,Category:Pharmaceutical_companies_of_the_United_Kingdom,United Kingdom,https://en.wikipedia.org/wiki/Category:Pharmaceutical_industry_in_the_United_Kingdom
https://pharmaceuticalindustryintheunitedkingdom.uk,Wikipedia,Category:Pharmaceutical_companies_of_the_United_Kingdom,United Kingdom,https://en.wikipedia.org/wiki/Category:Pharmaceutical_industry_in_the_United_Kingdom
https://www.healthcarecompaniesoftheunitedkingdom.com,Wikipedia,Category:Pharmaceutical_companies_of_the_United_Kingdom,United Kingdom,https://en.wikipedia.org/wiki/Category:Health_care_companies_of_the_United_Kingdom
https://healthcarecompaniesoftheunitedkingdom.com,Wikipedia,Category:Pharmaceutical_companies_of_the_United_Kingdom,United Kingdom,https://en.wikipedia.org/wiki/Category:Health_care_companies_of_the_United_Kingdom
https://www.healthcarecompaniesoftheunitedkingdom.eu,Wikipedia,Category:Pharmaceutical_companies_of_the_United_Kingdom,United Kingdom,https://en.wikipedia.org/wiki/Category:Health_care_companies_of_the_United_Kingdom
https://www.healthcarecompaniesoftheunitedkingdom.co.uk,Wikipedia,Category:Pharmaceutical_companies_of_the_United_Kingdom,United Kingdom,https://en.wikipedia.org/wiki/Category:Health_care_companies_of_the_United_Kingdom
https://healthcarecompaniesoftheunitedkingdom.co.uk,Wikipedia,Category:Pharmaceutical_companies_of_the_United_Kingdom,United Kingdom,https://en.wikipedia.org/wiki/Category:Health_care_companies_of_the_United_Kingdom
https://www.healthcarecompaniesoftheunitedkingdom.uk,Wikipedia,Category:Pharmaceutical_companies_of_the_United_Kingdom,United Kingdom,https://en.wikipedia.org/wiki/Category:Health_care_companies_of_the_United_Kingdom
https://healthcarecompaniesoftheunitedkingdom.uk,Wikipedia,Category:Pharmaceutical_companies_of_the_United_Kingdom,United Kingdom,https://en.wikipedia.org/wiki/Category:Health_care_companies_of_the_United_Kingdom
https://www.pharmaceuticalcompaniesofengland.com,Wikipedia,Category:Pharmaceutical_companies_of_the_United_Kingdom,United Kingdom,https://en.wikipedia.org/wiki/Category:Pharmaceutical_companies_of_England
https://pharmaceuticalcompaniesofengland.com,Wikipedia,Category:Pharmaceutical_companies_of_the_United_Kingdom,United Kingdom,https://en.wikipedia.org/wiki/Category:Pharmaceutical_companies_of_England
https://www.pharmaceuticalcompaniesofengland.eu,Wikipedia,Category:Pharmaceutical_companies_of_the_United_Kingdom,United Kingdom,https://en.wikipedia.org/wiki/Category:Pharmaceutical_companies_of_England
https://www.pharmaceuticalcompaniesofengland.co.uk,Wikipedia,Category:Pharmaceutical_companies_of_the_United_Kingdom,United Kingdom,https://en.wikipedia.org/wiki/Category:Pharmaceutical_companies_of_England
https://pharmaceuticalcompaniesofengland.co.uk,Wikipedia,Category:Pharmaceutical_companies_of_the_United_Kingdom,United Kingdom,https://en.wikipedia.org/wiki/Category:Pharmaceutical_companies_of_England
https://www.pharmaceuticalcompaniesofengland.uk,Wikipedia,Category:Pharmaceutical_companies_of_the_United_Kingdom,United Kingdom,https://en.wikipedia.org/wiki/Category:Pharmaceutical_companies_of_England
https://pharmaceuticalcompaniesofengland.uk,Wikipedia,Category:Pharmaceutical_companies_of_the_United_Kingdom,United Kingdom,https://en.wikipedia.org/wiki/Category:Pharmaceutical_companies_of_England
https://www.pharmaceuticalcompaniesofscotland.com,Wikipedia,Category:Pharmaceutical_companies_of_the_United_Kingdom,United Kingdom,https://en.wikipedia.org/wiki/Category:Pharmaceutical_companies_of_Scotland
https://pharmaceuticalcompaniesofscotland.com,Wikipedia,Category:Pharmaceutical_companies_of_the_United_Kingdom,United Kingdom,https://en.wikipedia.org/wiki/Category:Pharmaceutical_companies_of_Scotland
https://www.pharmaceuticalcompaniesofscotland.eu,Wikipedia,Category:Pharmaceutical_companies_of_the_United_Kingdom,United Kingdom,https://en.wikipedia.org/wiki/Category:Pharmaceutical_companies_of_Scotland
https://www.pharmaceuticalcompaniesofscotland.co.uk,Wikipedia,Category:Pharmaceutical_companies_of_the_United_Kingdom,United Kingdom,https://en.wikipedia.org/wiki/Category:Pharmaceutical_companies_of_Scotland
https://pharmaceuticalcompaniesofscotland.co.uk,Wikipedia,Category:Pharmaceutical_companies_of_the_United_Kingdom,United Kingdom,https://en.wikipedia.org/wiki/Category:Pharmaceutical_companies_of_Scotland
https://www.pharmaceuticalcompaniesofscotland.uk,Wikipedia,Category:Pharmaceutical_companies_of_the_United_Kingdom,United Kingdom,https://en.wikipedia.org/wiki/Category:Pharmaceutical_companies_of_Scotland
https://pharmaceuticalcompaniesofscotland.uk,Wikipedia,Category:Pharmaceutical_companies_of_the_United_Kingdom,United Kingdom,https://en.wikipedia.org/wiki/Category:Pharmaceutical_companies_of_Scotland
https://www.besinshealthcare.com,Wikipedia,Category:Pharmaceutical_companies_of_France,France,https://en.wikipedia.org/wiki/Besins_Healthcare
https://besinshealthcare.com,Wikipedia,Category:Pharmaceutical_companies_of_France,France,https://en.wikipedia.org/wiki/Besins_Healthcare
https://www.besinshealthcare.eu,Wikipedia,Category:Pharmaceutical_companies_of_France,France,https://en.wikipedia.org/wiki/Besins_Healthcare
https://www.besinshealthcare.fr,Wikipedia,Category:Pharmaceutical_companies_of_France,France,https://en.wikipedia.org/wiki/Besins_Healthcare
https://besinshealthcare.fr,Wikipedia,Category:Pharmaceutical_companies_of_France,France,https://en.wikipedia.org/wiki/Besins_Healthcare
https://www.pharmaceuticalcompaniesbycountry.fr,Wikipedia,Category:Pharmaceutical_companies_of_France,France,https://en.wikipedia.org/wiki/Category:Pharmaceutical_companies_by_country
https://pharmaceuticalcompaniesbycountry.fr,Wikipedia,Category:Pharmaceutical_companies_of_France,France,https://en.wikipedia.org/wiki/Category:Pharmaceutical_companies_by_country
https://www.healthcarecompaniesoffrance.com,Wikipedia,Category:Pharmaceutical_companies_of_France,France,https://en.wikipedia.org/wiki/Category:Healthcare_companies_of_France
https://healthcarecompaniesoffrance.com,Wikipedia,Category:Pharmaceutical_companies_of_France,France,https://en.wikipedia.org/wiki/Category:Healthcare_companies_of_France
https://www.healthcarecompaniesoffrance.eu,Wikipedia,Category:Pharmaceutical_companies_of_France,France,https://en.wikipedia.org/wiki/Category:Healthcare_companies_of_France
https://www.healthcarecompaniesoffrance.fr,Wikipedia,Category:Pharmaceutical_companies_of_France,France,https://en.wikipedia.org/wiki/Category:Healthcare_companies_of_France
https://healthcarecompaniesoffrance.fr,Wikipedia,Category:Pharmaceutical_companies_of_France,France,https://en.wikipedia.org/wiki/Category:Healthcare_companies_of_France
https://www.ferringpharmaceuticals.com,Wikipedia,Category:Pharmaceutical_companies_of_Switzerland,Switzerland,https://en.wikipedia.org/wiki/Ferring_Pharmaceuticals
https://ferringpharmaceuticals.com,Wikipedia,Category:Pharmaceutical_companies_of_Switzerland,Switzerland,https://en.wikipedia.org/wiki/Ferring_Pharmaceuticals
https://www.ferringpharmaceuticals.eu,Wikipedia,Category:Pharmaceutical_companies_of_Switzerland,Switzerland,https://en.wikipedia.org/wiki/Ferring_Pharmaceuticals
https://www.ferringpharmaceuticals.ch,Wikipedia,Category:Pharmaceutical_companies_of_Switzerland,Switzerland,https://en.wikipedia.org/wiki/Ferring_Pharmaceuticals
https://ferringpharmaceuticals.ch,Wikipedia,Category:Pharmaceutical_companies_of_Switzerland,Switzerland,https://en.wikipedia.org/wiki/Ferring_Pharmaceuticals
https://www.healthvalley.com,Wikipedia,Category:Pharmaceutical_companies_of_Switzerland,Switzerland,https://en.wikipedia.org/wiki/Health_Valley
https://healthvalley.com,Wikipedia,Category:Pharmaceutical_companies_of_Switzerland,Switzerland,https://en.wikipedia.org/wiki/Health_Valley
https://www.healthvalley.eu,Wikipedia,Category:Pharmaceutical_companies_of_Switzerland,Switzerland,https://en.wikipedia.org/wiki/Health_Valley
https://www.healthvalley.ch,Wikipedia,Category:Pharmaceutical_companies_of_Switzerland,Switzerland,https://en.wikipedia.org/wiki/Health_Valley
https://healthvalley.ch,Wikipedia,Category:Pharmaceutical_companies_of_Switzerland,Switzerland,https://en.wikipedia.org/wiki/Health_Valley
https://www.mondobiotech.com,Wikipedia,Category:Pharmaceutical_companies_of_Switzerland,Switzerland,https://en.wikipedia.org/wiki/Mondobiotech
https://mondobiotech.com,Wikipedia,Category:Pharmaceutical_companies_of_Switzerland,Switzerland,https://en.wikipedia.org/wiki/Mondobiotech
https://www.mondobiotech.eu,Wikipedia,Category:Pharmaceutical_companies_of_Switzerland,Switzerland,https://en.wikipedia.org/wiki/Mondobiotech
https://www.mondobiotech.ch,Wikipedia,Category:Pharmaceutical_companies_of_Switzerland,Switzerland,https://en.wikipedia.org/wiki/Mondobiotech
https://mondobiotech.ch,Wikipedia,Category:Pharmaceutical_companies_of_Switzerland,Switzerland,https://en.wikipedia.org/wiki/Mondobiotech
https://www.vyerapharmaceuticals.com,Wikipedia,Category:Pharmaceutical_companies_of_Switzerland,Switzerland,https://en.wikipedia.org/wiki/Vyera_Pharmaceuticals
https://vyerapharmaceuticals.com,Wikipedia,Category:Pharmaceutical_companies_of_Switzerland,Switzerland,https://en.wikipedia.org/wiki/Vyera_Pharmaceuticals
https://www.vyerapharmaceuticals.eu,Wikipedia,Category:Pharmaceutical_companies_of_Switzerland,Switzerland,https://en.wikipedia.org/wiki/Vyera_Pharmaceuticals
https://www.vyerapharmaceuticals.ch,Wikipedia,Category:Pharmaceutical_companies_of_Switzerland,Switzerland,https://en.wikipedia.org/wiki/Vyera_Pharmaceuticals
https://vyerapharmaceuticals.ch,Wikipedia,Category:Pharmaceutical_companies_of_Switzerland,Switzerland,https://en.wikipedia.org/wiki/Vyera_Pharmaceuticals
https://www.pharmaceuticalcompaniesbycountry.ch,Wikipedia,Category:Pharmaceutical_companies_of_Switzerland,Switzerland,https://en.wikipedia.org/wiki/Category:Pharmaceutical_companies_by_country
https://pharmaceuticalcompaniesbycountry.ch,Wikipedia,Category:Pharmaceutical_companies_of_Switzerland,Switzerland,https://en.wikipedia.org/wiki/Category:Pharmaceutical_companies_by_country
https://www.drugsinswitzerland.com,Wikipedia,Category:Pharmaceutical_companies_of_Switzerland,Switzerland,https://en.wikipedia.org/wiki/Category:Drugs_in_Switzerland
https://drugsinswitzerland.com,Wikipedia,Category:Pharmaceutical_companies_of_Switzerland,Switzerland,https://en.wikipedia.org/wiki/Category:Drugs_in_Switzerland
https://www.drugsinswitzerland.eu,Wikipedia,Category:Pharmaceutical_companies_of_Switzerland,Switzerland,https://en.wikipedia.org/wiki/Category:Drugs_in_Switzerland
https://www.drugsinswitzerland.ch,Wikipedia,Category:Pharmaceutical_companies_of_Switzerland,Switzerland,https://en.wikipedia.org/wiki/Category:Drugs_in_Switzerland
https://drugsinswitzerland.ch,Wikipedia,Category:Pharmaceutical_companies_of_Switzerland,Switzerland,https://en.wikipedia.org/wiki/Category:Drugs_in_Switzerland
https://www.healthcarecompaniesofswitzerland.com,Wikipedia,Category:Pharmaceutical_companies_of_Switzerland,Switzerland,https://en.wikipedia.org/wiki/Category:Health_care_companies_of_Switzerland
https://healthcarecompaniesofswitzerland.com,Wikipedia,Category:Pharmaceutical_companies_of_Switzerland,Switzerland,https://en.wikipedia.org/wiki/Category:Health_care_companies_of_Switzerland
https://www.healthcarecompaniesofswitzerland.eu,Wikipedia,Category:Pharmaceutical_companies_of_Switzerland,Switzerland,https://en.wikipedia.org/wiki/Category:Health_care_companies_of_Switzerland
https://www.healthcarecompaniesofswitzerland.ch,Wikipedia,Category:Pharmaceutical_companies_of_Switzerland,Switzerland,https://en.wikipedia.org/wiki/Category:Health_care_companies_of_Switzerland
https://healthcarecompaniesofswitzerland.ch,Wikipedia,Category:Pharmaceutical_companies_of_Switzerland,Switzerland,https://en.wikipedia.org/wiki/Category:Health_care_companies_of_Switzerland
https://www.pharmaceuticalcompaniesbycountry.nl,Wikipedia,Category:Pharmaceutical_companies_of_the_Netherlands,Netherlands,https://en.wikipedia.org/wiki/Category:Pharmaceutical_companies_by_country
https://pharmaceuticalcompaniesbycountry.nl,Wikipedia,Category:Pharmaceutical_companies_of_the_Netherlands,Netherlands,https://en.wikipedia.org/wiki/Category:Pharmaceutical_companies_by_country
https://www.healthcarecompaniesofthenetherlands.com,Wikipedia,Category:Pharmaceutical_companies_of_the_Netherlands,Netherlands,https://en.wikipedia.org/wiki/Category:Health_care_companies_of_the_Netherlands
https://healthcarecompaniesofthenetherlands.com,Wikipedia,Category:Pharmaceutical_companies_of_the_Netherlands,Netherlands,https://en.wikipedia.org/wiki/Category:Health_care_companies_of_the_Netherlands
https://www.healthcarecompaniesofthenetherlands.eu,Wikipedia,Category:Pharmaceutical_companies_of_the_Netherlands,Netherlands,https://en.wikipedia.org/wiki/Category:Health_care_companies_of_the_Netherlands
https://www.healthcarecompaniesofthenetherlands.nl,Wikipedia,Category:Pharmaceutical_companies_of_the_Netherlands,Netherlands,https://en.wikipedia.org/wiki/Category:Health_care_companies_of_the_Netherlands
https://healthcarecompaniesofthenetherlands.nl,Wikipedia,Category:Pharmaceutical_companies_of_the_Netherlands,Netherlands,https://en.wikipedia.org/wiki/Category:Health_care_companies_of_the_Netherlands
https://www.annexinpharmaceuticals.com,Wikipedia,Category:Pharmaceutical_companies_of_Sweden,Sweden,https://en.wikipedia.org/wiki/Annexin_Pharmaceuticals
https://annexinpharmaceuticals.com,Wikipedia,Category:Pharmaceutical_companies_of_Sweden,Sweden,https://en.wikipedia.org/wiki/Annexin_Pharmaceuticals
https://www.annexinpharmaceuticals.eu,Wikipedia,Category:Pharmaceutical_companies_of_Sweden,Sweden,https://en.wikipedia.org/wiki/Annexin_Pharmaceuticals
https://www.annexinpharmaceuticals.se,Wikipedia,Category:Pharmaceutical_companies_of_Sweden,Sweden,https://en.wikipedia.org/wiki/Annexin_Pharmaceuticals
https://annexinpharmaceuticals.se,Wikipedia,Category:Pharmaceutical_companies_of_Sweden,Sweden,https://en.wikipedia.org/wiki/Annexin_Pharmaceuticals
https://www.diamydmedical.com,Wikipedia,Category:Pharmaceutical_companies_of_Sweden,Sweden,https://en.wikipedia.org/wiki/Diamyd_Medical
https://diamydmedical.com,Wikipedia,Category:Pharmaceutical_companies_of_Sweden,Sweden,https://en.wikipedia.org/wiki/Diamyd_Medical
https://www.diamydmedical.eu,Wikipedia,Category:Pharmaceutical_companies_of_Sweden,Sweden,https://en.wikipedia.org/wiki/Diamyd_Medical
https://www.diamydmedical.se,Wikipedia,Category:Pharmaceutical_companies_of_Sweden,Sweden,https://en.wikipedia.org/wiki/Diamyd_Medical
https://diamydmedical.se,Wikipedia,Category:Pharmaceutical_companies_of_Sweden,Sweden,https://en.wikipedia.org/wiki/Diamyd_Medical
https://www.ferringpharmaceuticals.se,Wikipedia,Category:Pharmaceutical_companies_of_Sweden,Sweden,https://en.wikipedia.org/wiki/Ferring_Pharmaceuticals
https://ferringpharmaceuticals.se,Wikipedia,Category:Pharmaceutical_companies_of_Sweden,Sweden,https://en.wikipedia.org/wiki/Ferring_Pharmaceuticals
https://www.pharmaceuticalcompaniesbycountry.se,Wikipedia,Category:Pharmaceutical_companies_of_Sweden,Sweden,https://en.wikipedia.org/wiki/Category:Pharmaceutical_companies_by_country
https://pharmaceuticalcompaniesbycountry.se,Wikipedia,Category:Pharmaceutical_companies_of_Sweden,Sweden,https://en.wikipedia.org/wiki/Category:Pharmaceutical_companies_by_country
https://www.drugsinsweden.com,Wikipedia,Category:Pharmaceutical_companies_of_Sweden,Sweden,https://en.wikipedia.org/wiki/Category:Drugs_in_Sweden
https://drugsinsweden.com,Wikipedia,Category:Pharmaceutical_companies_of_Sweden,Sweden,https://en.wikipedia.org/wiki/Category:Drugs_in_Sweden
https://www.drugsinsweden.eu,Wikipedia,Category:Pharmaceutical_companies_of_Sweden,Sweden,https://en.wikipedia.org/wiki/Category:Drugs_in_Sweden
https://www.drugsinsweden.se,Wikipedia,Category:Pharmaceutical_companies_of_Sweden,Sweden,https://en.wikipedia.org/wiki/Category:Drugs_in_Sweden
https://drugsinsweden.se,Wikipedia,Category:Pharmaceutical_companies_of_Sweden,Sweden,https://en.wikipedia.org/wiki/Category:Drugs_in_Sweden
https://www.healthcarecompaniesofsweden.com,Wikipedia,Category:Pharmaceutical_companies_of_Sweden,Sweden,https://en.wikipedia.org/wiki/Category:Health_care_companies_of_Sweden
https://healthcarecompaniesofsweden.com,Wikipedia,Category:Pharmaceutical_companies_of_Sweden,Sweden,https://en.wikipedia.org/wiki/Category:Health_care_companies_of_Sweden
https://www.healthcarecompaniesofsweden.eu,Wikipedia,Category:Pharmaceutical_companies_of_Sweden,Sweden,https://en.wikipedia.org/wiki/Category:Health_care_companies_of_Sweden
https://www.healthcarecompaniesofsweden.se,Wikipedia,Category:Pharmaceutical_companies_of_Sweden,Sweden,https://en.wikipedia.org/wiki/Category:Health_care_companies_of_Sweden
https://healthcarecompaniesofsweden.se,Wikipedia,Category:Pharmaceutical_companies_of_Sweden,Sweden,https://en.wikipedia.org/wiki/Category:Health_care_companies_of_Sweden
https://www.pharmaceuticalindustryinsweden.com,Wikipedia,Category:Pharmaceutical_companies_of_Sweden,Sweden,https://en.wikipedia.org/wiki/Category:Pharmaceutical_industry_in_Sweden
https://pharmaceuticalindustryinsweden.com,Wikipedia,Category:Pharmaceutical_companies_of_Sweden,Sweden,https://en.wikipedia.org/wiki/Category:Pharmaceutical_industry_in_Sweden
https://www.pharmaceuticalindustryinsweden.eu,Wikipedia,Category:Pharmaceutical_companies_of_Sweden,Sweden,https://en.wikipedia.org/wiki/Category:Pharmaceutical_industry_in_Sweden
https://www.pharmaceuticalindustryinsweden.se,Wikipedia,Category:Pharmaceutical_companies_of_Sweden,Sweden,https://en.wikipedia.org/wiki/Category:Pharmaceutical_industry_in_Sweden
https://pharmaceuticalindustryinsweden.se,Wikipedia,Category:Pharmaceutical_companies_of_Sweden,Sweden,https://en.wikipedia.org/wiki/Category:Pharmaceutical_industry_in_Sweden
https://www.gpcbiotech.com,Wikipedia,Category:Biotechnology_companies_of_Germany,Germany,https://en.wikipedia.org/wiki/GPC_Biotech
https://gpcbiotech.com,Wikipedia,Category:Biotechnology_companies_of_Germany,Germany,https://en.wikipedia.org/wiki/GPC_Biotech
https://www.gpcbiotech.eu,Wikipedia,Category:Biotechnology_companies_of_Germany,Germany,https://en.wikipedia.org/wiki/GPC_Biotech
https://www.gpcbiotech.de,Wikipedia,Category:Biotechnology_companies_of_Germany,Germany,https://en.wikipedia.org/wiki/GPC_Biotech
https://gpcbiotech.de,Wikipedia,Category:Biotechnology_companies_of_Germany,Germany,https://en.wikipedia.org/wiki/GPC_Biotech
https://www.sesambiotechgmbh.com,Wikipedia,Category:Biotechnology_companies_of_Germany,Germany,https://en.wikipedia.org/wiki/SeSaM-Biotech_GmbH
https://sesambiotechgmbh.com,Wikipedia,Category:Biotechnology_companies_of_Germany,Germany,https://en.wikipedia.org/wiki/SeSaM-Biotech_GmbH
https://www.sesambiotechgmbh.eu,Wikipedia,Category:Biotechnology_companies_of_Germany,Germany,https://en.wikipedia.org/wiki/SeSaM-Biotech_GmbH
https://www.sesambiotechgmbh.de,Wikipedia,Category:Biotechnology_companies_of_Germany,Germany,https://en.wikipedia.org/wiki/SeSaM-Biotech_GmbH
https://sesambiotechgmbh.de,Wikipedia,Category:Biotechnology_companies_of_Germany,Germany,https://en.wikipedia.org/wiki/SeSaM-Biotech_GmbH
https://www.biotechnologycompaniesbycountry.com,Wikipedia,Category:Biotechnology_companies_of_Germany,Germany,https://en.wikipedia.org/wiki/Category:Biotechnology_companies_by_country
https://biotechnologycompaniesbycountry.com,Wikipedia,Category:Biotechnology_companies_of_Germany,Germany,https://en.wikipedia.org/wiki/Category:Biotechnology_companies_by_country
https://www.biotechnologycompaniesbycountry.eu,Wikipedia,Category:Biotechnology_companies_of_Germany,Germany,https://en.wikipedia.org/wiki/Category:Biotechnology_companies_by_country
https://www.biotechnologycompaniesbycountry.de,Wikipedia,Category:Biotechnology_companies_of_Germany,Germany,https://en.wikipedia.org/wiki/Category:Biotechnology_companies_by_country
https://biotechnologycompaniesbycountry.de,Wikipedia,Category:Biotechnology_companies_of_Germany,Germany,https://en.wikipedia.org/wiki/Category:Biotechnology_companies_by_country
https://www.britishbiotech.com,Wikipedia,Category:Biotechnology_companies_of_the_United_Kingdom,United Kingdom,https://en.wikipedia.org/wiki/British_Biotech
https://britishbiotech.com,Wikipedia,Category:Biotechnology_companies_of_the_United_Kingdom,United Kingdom,https://en.wikipedia.org/wiki/British_Biotech
https://www.britishbiotech.eu,Wikipedia,Category:Biotechnology_companies_of_the_United_Kingdom,United Kingdom,https://en.wikipedia.org/wiki/British_Biotech
https://www.britishbiotech.co.uk,Wikipedia,Category:Biotechnology_companies_of_the_United_Kingdom,United Kingdom,https://en.wikipedia.org/wiki/British_Biotech
https://britishbiotech.co.uk,Wikipedia,Category:Biotechnology_companies_of_the_United_Kingdom,United Kingdom,https://en.wikipedia.org/wiki/British_Biotech
https://www.britishbiotech.uk,Wikipedia,Category:Biotechnology_companies_of_the_United_Kingdom,United Kingdom,https://en.wikipedia.org/wiki/British_Biotech
https://britishbiotech.uk,Wikipedia,Category:Biotechnology_companies_of_the_United_Kingdom,United Kingdom,https://en.wikipedia.org/wiki/British_Biotech
https://www.vantixdiagnostics.com,Wikipedia,Category:Biotechnology_companies_of_the_United_Kingdom,United Kingdom,https://en.wikipedia.org/wiki/Vantix_Diagnostics
https://vantixdiagnostics.com,Wikipedia,Category:Biotechnology_companies_of_the_United_Kingdom,United Kingdom,https://en.wikipedia.org/wiki/Vantix_Diagnostics
https://www.vantixdiagnostics.eu,Wikipedia,Category:Biotechnology_companies_of_the_United_Kingdom,United Kingdom,https://en.wikipedia.org/wiki/Vantix_Diagnostics
https://www.vantixdiagnostics.co.uk,Wikipedia,Category:Biotechnology_companies_of_the_United_Kingdom,United Kingdom,https://en.wikipedia.org/wiki/Vantix_Diagnostics
https://vantixdiagnostics.co.uk,Wikipedia,Category:Biotechnology_companies_of_the_United_Kingdom,United Kingdom,https://en.wikipedia.org/wiki/Vantix_Diagnostics
https://www.vantixdiagnostics.uk,Wikipedia,Category:Biotechnology_companies_of_the_United_Kingdom,United Kingdom,https://en.wikipedia.org/wiki/Vantix_Diagnostics
https://vantixdiagnostics.uk,Wikipedia,Category:Biotechnology_companies_of_the_United_Kingdom,United Kingdom,https://en.wikipedia.org/wiki/Vantix_Diagnostics
https://www.biotechnologycompaniesbycountry.co.uk,Wikipedia,Category:Biotechnology_companies_of_the_United_Kingdom,United Kingdom,https://en.wikipedia.org/wiki/Category:Biotechnology_companies_by_country
https://biotechnologycompaniesbycountry.co.uk,Wikipedia,Category:Biotechnology_companies_of_the_United_Kingdom,United Kingdom,https://en.wikipedia.org/wiki/Category:Biotechnology_companies_by_country
https://www.biotechnologycompaniesbycountry.uk,Wikipedia,Category:Biotechnology_companies_of_the_United_Kingdom,United Kingdom,https://en.wikipedia.org/wiki/Category:Biotechnology_companies_by_country
https://biotechnologycompaniesbycountry.uk,Wikipedia,Category:Biotechnology_companies_of_the_United_Kingdom,United Kingdom,https://en.wikipedia.org/wiki/Category:Biotechnology_companies_by_country
https://www.biotechnologyintheunitedkingdom.com,Wikipedia,Category:Biotechnology_companies_of_the_United_Kingdom,United Kingdom,https://en.wikipedia.org/wiki/Category:Biotechnology_in_the_United_Kingdom
https://biotechnologyintheunitedkingdom.com,Wikipedia,Category:Biotechnology_companies_of_the_United_Kingdom,United Kingdom,https://en.wikipedia.org/wiki/Category:Biotechnology_in_the_United_Kingdom
https://www.biotechnologyintheunitedkingdom.eu,Wikipedia,Category:Biotechnology_companies_of_the_United_Kingdom,United Kingdom,https://en.wikipedia.org/wiki/Category:Biotechnology_in_the_United_Kingdom
https://www.biotechnologyintheunitedkingdom.co.uk,Wikipedia,Category:Biotechnology_companies_of_the_United_Kingdom,United Kingdom,https://en.wikipedia.org/wiki/Category:Biotechnology_in_the_United_Kingdom
https://biotechnologyintheunitedkingdom.co.uk,Wikipedia,Category:Biotechnology_companies_of_the_United_Kingdom,United Kingdom,https://en.wikipedia.org/wiki/Category:Biotechnology_in_the_United_Kingdom
https://www.biotechnologyintheunitedkingdom.uk,Wikipedia,Category:Biotechnology_companies_of_the_United_Kingdom,United Kingdom,https://en.wikipedia.org/wiki/Category:Biotechnology_in_the_United_Kingdom
https://biotechnologyintheunitedkingdom.uk,Wikipedia,Category:Biotechnology_companies_of_the_United_Kingdom,United Kingdom,https://en.wikipedia.org/wiki/Category:Biotechnology_in_the_United_Kingdom
https://www.biotechnologycompaniesbycountry.fr,Wikipedia,Category:Biotechnology_companies_of_France,France,https://en.wikipedia.org/wiki/Category:Biotechnology_companies_by_country
https://biotechnologycompaniesbycountry.fr,Wikipedia,Category:Biotechnology_companies_of_France,France,https://en.wikipedia.org/wiki/Category:Biotechnology_companies_by_country
https://www.biotechnologyinfrance.com,Wikipedia,Category:Biotechnology_companies_of_France,France,https://en.wikipedia.org/wiki/Category:Biotechnology_in_France
https://biotechnologyinfrance.com,Wikipedia,Category:Biotechnology_companies_of_France,France,https://en.wikipedia.org/wiki/Category:Biotechnology_in_France
https://www.biotechnologyinfrance.eu,Wikipedia,Category:Biotechnology_companies_of_France,France,https://en.wikipedia.org/wiki/Category:Biotechnology_in_France
https://www.biotechnologyinfrance.fr,Wikipedia,Category:Biotechnology_companies_of_France,France,https://en.wikipedia.org/wiki/Category:Biotechnology_in_France
https://biotechnologyinfrance.fr,Wikipedia,Category:Biotechnology_companies_of_France,France,https://en.wikipedia.org/wiki/Category:Biotechnology_in_France
https://www.biotechnology.com,Wikipedia,Category:Biotechnology_companies_of_France,France,https://en.wikipedia.org/wiki/Biotechnology
https://biotechnology.com,Wikipedia,Category:Biotechnology_companies_of_France,France,https://en.wikipedia.org/wiki/Biotechnology
https://www.biotechnology.eu,Wikipedia,Category:Biotechnology_companies_of_France,France,https://en.wikipedia.org/wiki/Biotechnology
https://www.biotechnology.fr,Wikipedia,Category:Biotechnology_companies_of_France,France,https://en.wikipedia.org/wiki/Biotechnology
https://biotechnology.fr,Wikipedia,Category:Biotechnology_companies_of_France,France,https://en.wikipedia.org/wiki/Biotechnology
https://www.manteiapredictivemedicine.com,Wikipedia,Category:Biotechnology_companies_of_Switzerland,Switzerland,https://en.wikipedia.org/wiki/Manteia_Predictive_Medicine
https://manteiapredictivemedicine.com,Wikipedia,Category:Biotechnology_companies_of_Switzerland,Switzerland,https://en.wikipedia.org/wiki/Manteia_Predictive_Medicine
https://www.manteiapredictivemedicine.eu,Wikipedia,Category:Biotechnology_companies_of_Switzerland,Switzerland,https://en.wikipedia.org/wiki/Manteia_Predictive_Medicine
https://www.manteiapredictivemedicine.ch,Wikipedia,Category:Biotechnology_companies_of_Switzerland,Switzerland,https://en.wikipedia.org/wiki/Manteia_Predictive_Medicine
https://manteiapredictivemedicine.ch,Wikipedia,Category:Biotechnology_companies_of_Switzerland,Switzerland,https://en.wikipedia.org/wiki/Manteia_Predictive_Medicine
https://www.biotechnologycompaniesbycountry.ch,Wikipedia,Category:Biotechnology_companies_of_Switzerland,Switzerland,https://en.wikipedia.org/wiki/Category:Biotechnology_companies_by_country
https://biotechnologycompaniesbycountry.ch,Wikipedia,Category:Biotechnology_companies_of_Switzerland,Switzerland,https://en.wikipedia.org/wiki/Category:Biotechnology_companies_by_country
https://www.biotechnologyinswitzerland.com,Wikipedia,Category:Biotechnology_companies_of_Switzerland,Switzerland,https://en.wikipedia.org/wiki/Category:Biotechnology_in_Switzerland
https://biotechnologyinswitzerland.com,Wikipedia,Category:Biotechnology_companies_of_Switzerland,Switzerland,https://en.wikipedia.org/wiki/Category:Biotechnology_in_Switzerland
https://www.biotechnologyinswitzerland.eu,Wikipedia,Category:Biotechnology_companies_of_Switzerland,Switzerland,https://en.wikipedia.org/wiki/Category:Biotechnology_in_Switzerland
https://www.biotechnologyinswitzerland.ch,Wikipedia,Category:Biotechnology_companies_of_Switzerland,Switzerland,https://en.wikipedia.org/wiki/Category:Biotechnology_in_Switzerland
https://biotechnologyinswitzerland.ch,Wikipedia,Category:Biotechnology_companies_of_Switzerland,Switzerland,https://en.wikipedia.org/wiki/Category:Biotechnology_in_Switzerland
https://www.adahealth.com,Wikipedia,Category:Medical_technology_companies_of_Germany,Germany,https://en.wikipedia.org/wiki/Ada_Health
https://adahealth.com,Wikipedia,Category:Medical_technology_companies_of_Germany,Germany,https://en.wikipedia.org/wiki/Ada_Health
https://www.adahealth.eu,Wikipedia,Category:Medical_technology_companies_of_Germany,Germany,https://en.wikipedia.org/wiki/Ada_Health
https://www.adahealth.de,Wikipedia,Category:Medical_technology_companies_of_Germany,Germany,https://en.wikipedia.org/wiki/Ada_Health
https://adahealth.de,Wikipedia,Category:Medical_technology_companies_of_Germany,Germany,https://en.wikipedia.org/wiki/Ada_Health
https://www.siemenshealthineers.com,Wikipedia,Category:Medical_technology_companies_of_Germany,Germany,https://en.wikipedia.org/wiki/Siemens_Healthineers
https://siemenshealthineers.com,Wikipedia,Category:Medical_technology_companies_of_Germany,Germany,https://en.wikipedia.org/wiki/Siemens_Healthineers
https://www.siemenshealthineers.eu,Wikipedia,Category:Medical_technology_companies_of_Germany,Germany,https://en.wikipedia.org/wiki/Siemens_Healthineers
https://www.siemenshealthineers.de,Wikipedia,Category:Medical_technology_companies_of_Germany,Germany,https://en.wikipedia.org/wiki/Siemens_Healthineers
https://siemenshealthineers.de,Wikipedia,Category:Medical_technology_companies_of_Germany,Germany,https://en.wikipedia.org/wiki/Siemens_Healthineers
https://www.stratecbiomedicalsystems.com,Wikipedia,Category:Medical_technology_companies_of_Germany,Germany,https://en.wikipedia.org/wiki/Stratec_Biomedical_Systems
https://stratecbiomedicalsystems.com,Wikipedia,Category:Medical_technology_companies_of_Germany,Germany,https://en.wikipedia.org/wiki/Stratec_Biomedical_Systems
https://www.stratecbiomedicalsystems.eu,Wikipedia,Category:Medical_technology_companies_of_Germany,Germany,https://en.wikipedia.org/wiki/Stratec_Biomedical_Systems
https://www.stratecbiomedicalsystems.de,Wikipedia,Category:Medical_technology_companies_of_Germany,Germany,https://en.wikipedia.org/wiki/Stratec_Biomedical_Systems
https://stratecbiomedicalsystems.de,Wikipedia,Category:Medical_technology_companies_of_Germany,Germany,https://en.wikipedia.org/wiki/Stratec_Biomedical_Systems
https://www.medicaltechnologycompaniesbycountry.com,Wikipedia,Category:Medical_technology_companies_of_Germany,Germany,https://en.wikipedia.org/wiki/Category:Medical_technology_companies_by_country
https://medicaltechnologycompaniesbycountry.com,Wikipedia,Category:Medical_technology_companies_of_Germany,Germany,https://en.wikipedia.org/wiki/Category:Medical_technology_companies_by_country
https://www.medicaltechnologycompaniesbycountry.eu,Wikipedia,Category:Medical_technology_companies_of_Germany,Germany,https://en.wikipedia.org/wiki/Category:Medical_technology_companies_by_country
https://www.medicaltechnologycompaniesbycountry.de,Wikipedia,Category:Medical_technology_companies_of_Germany,Germany,https://en.wikipedia.org/wiki/Category:Medical_technology_companies_by_country
https://medicaltechnologycompaniesbycountry.de,Wikipedia,Category:Medical_technology_companies_of_Germany,Germany,https://en.wikipedia.org/wiki/Category:Medical_technology_companies_by_country
https://www.babylonhealth.com,Wikipedia,Category:Medical_technology_companies_of_the_United_Kingdom,United Kingdom,https://en.wikipedia.org/wiki/Babylon_Health
https://babylonhealth.com,Wikipedia,Category:Medical_technology_companies_of_the_United_Kingdom,United Kingdom,https://en.wikipedia.org/wiki/Babylon_Health
https://www.babylonhealth.eu,Wikipedia,Category:Medical_technology_companies_of_the_United_Kingdom,United Kingdom,https://en.wikipedia.org/wiki/Babylon_Health
https://www.babylonhealth.co.uk,Wikipedia,Category:Medical_technology_companies_of_the_United_Kingdom,United Kingdom,https://en.wikipedia.org/wiki/Babylon_Health
https://babylonhealth.co.uk,Wikipedia,Category:Medical_technology_companies_of_the_United_Kingdom,United Kingdom,https://en.wikipedia.org/wiki/Babylon_Health
https://www.babylonhealth.uk,Wikipedia,Category:Medical_technology_companies_of_the_United_Kingdom,United Kingdom,https://en.wikipedia.org/wiki/Babylon_Health
https://babylonhealth.uk,Wikipedia,Category:Medical_technology_companies_of_the_United_Kingdom,United Kingdom,https://en.wikipedia.org/wiki/Babylon_Health
https://www.deltexmedicalgroup.com,Wikipedia,Category:Medical_technology_companies_of_the_United_Kingdom,United Kingdom,https://en.wikipedia.org/wiki/Deltex_Medical_Group
https://deltexmedicalgroup.com,Wikipedia,Category:Medical_technology_companies_of_the_United_Kingdom,United Kingdom,https://en.wikipedia.org/wiki/Deltex_Medical_Group
https://www.deltexmedicalgroup.eu,Wikipedia,Category:Medical_technology_companies_of_the_United_Kingdom,United Kingdom,https://en.wikipedia.org/wiki/Deltex_Medical_Group
https://www.deltexmedicalgroup.co.uk,Wikipedia,Category:Medical_technology_companies_of_the_United_Kingdom,United Kingdom,https://en.wikipedia.org/wiki/Deltex_Medical_Group
https://deltexmedicalgroup.co.uk,Wikipedia,Category:Medical_technology_companies_of_the_United_Kingdom,United Kingdom,https://en.wikipedia.org/wiki/Deltex_Medical_Group
https://www.deltexmedicalgroup.uk,Wikipedia,Category:Medical_technology_companies_of_the_United_Kingdom,United Kingdom,https://en.wikipedia.org/wiki/Deltex_Medical_Group
https://deltexmedicalgroup.uk,Wikipedia,Category:Medical_technology_companies_of_the_United_Kingdom,United Kingdom,https://en.wikipedia.org/wiki/Deltex_Medical_Group
https://www.healthnavigator.com,Wikipedia,Category:Medical_technology_companies_of_the_United_Kingdom,United Kingdom,https://en.wikipedia.org/wiki/Health_Navigator
https://healthnavigator.com,Wikipedia,Category:Medical_technology_companies_of_the_United_Kingdom,United Kingdom,https://en.wikipedia.org/wiki/Health_Navigator
https://www.healthnavigator.eu,Wikipedia,Category:Medical_technology_companies_of_the_United_Kingdom,United Kingdom,https://en.wikipedia.org/wiki/Health_Navigator
https://www.healthnavigator.co.uk,Wikipedia,Category:Medical_technology_companies_of_the_United_Kingdom,United Kingdom,https://en.wikipedia.org/wiki/Health_Navigator
https://healthnavigator.co.uk,Wikipedia,Category:Medical_technology_companies_of_the_United_Kingdom,United Kingdom,https://en.wikipedia.org/wiki/Health_Navigator
https://www.healthnavigator.uk,Wikipedia,Category:Medical_technology_companies_of_the_United_Kingdom,United Kingdom,https://en.wikipedia.org/wiki/Health_Navigator
https://healthnavigator.uk,Wikipedia,Category:Medical_technology_companies_of_the_United_Kingdom,United Kingdom,https://en.wikipedia.org/wiki/Health_Navigator
https://www.healthera.com,Wikipedia,Category:Medical_technology_companies_of_the_United_Kingdom,United Kingdom,https://en.wikipedia.org/wiki/Healthera
https://healthera.com,Wikipedia,Category:Medical_technology_companies_of_the_United_Kingdom,United Kingdom,https://en.wikipedia.org/wiki/Healthera
https://www.healthera.eu,Wikipedia,Category:Medical_technology_companies_of_the_United_Kingdom,United Kingdom,https://en.wikipedia.org/wiki/Healthera
https://www.healthera.co.uk,Wikipedia,Category:Medical_technology_companies_of_the_United_Kingdom,United Kingdom,https://en.wikipedia.org/wiki/Healthera
https://healthera.co.uk,Wikipedia,Category:Medical_technology_companies_of_the_United_Kingdom,United Kingdom,https://en.wikipedia.org/wiki/Healthera
https://www.healthera.uk,Wikipedia,Category:Medical_technology_companies_of_the_United_Kingdom,United Kingdom,https://en.wikipedia.org/wiki/Healthera
https://healthera.uk,Wikipedia,Category:Medical_technology_companies_of_the_United_Kingdom,United Kingdom,https://en.wikipedia.org/wiki/Healthera
https://www.navilystmedical.com,Wikipedia,Category:Medical_technology_companies_of_the_United_Kingdom,United Kingdom,https://en.wikipedia.org/wiki/Navilyst_Medical
https://navilystmedical.com,Wikipedia,Category:Medical_technology_companies_of_the_United_Kingdom,United Kingdom,https://en.wikipedia.org/wiki/Navilyst_Medical
https://www.navilystmedical.eu,Wikipedia,Category:Medical_technology_companies_of_the_United_Kingdom,United Kingdom,https://en.wikipedia.org/wiki/Navilyst_Medical
https://www.navilystmedical.co.uk,Wikipedia,Category:Medical_technology_companies_of_the_United_Kingdom,United Kingdom,https://en.wikipedia.org/wiki/Navilyst_Medical
https://navilystmedical.co.uk,Wikipedia,Category:Medical_technology_companies_of_the_United_Kingdom,United Kingdom,https://en.wikipedia.org/wiki/Navilyst_Medical
https://www.navilystmedical.uk,Wikipedia,Category:Medical_technology_companies_of_the_United_Kingdom,United Kingdom,https://en.wikipedia.org/wiki/Navilyst_Medical
https://navilystmedical.uk,Wikipedia,Category:Medical_technology_companies_of_the_United_Kingdom,United Kingdom,https://en.wikipedia.org/wiki/Navilyst_Medical
https://www.nemauramedical.com,Wikipedia,Category:Medical_technology_companies_of_the_United_Kingdom,United Kingdom,https://en.wikipedia.org/wiki/Nemaura_Medical
https://nemauramedical.com,Wikipedia,Category:Medical_technology_companies_of_the_United_Kingdom,United Kingdom,https://en.wikipedia.org/wiki/Nemaura_Medical
https://www.nemauramedical.eu,Wikipedia,Category:Medical_technology_companies_of_the_United_Kingdom,United Kingdom,https://en.wikipedia.org/wiki/Nemaura_Medical
https://www.nemauramedical.co.uk,Wikipedia,Category:Medical_technology_companies_of_the_United_Kingdom,United Kingdom,https://en.wikipedia.org/wiki/Nemaura_Medical
https://nemauramedical.co.uk,Wikipedia,Category:Medical_technology_companies_of_the_United_Kingdom,United Kingdom,https://en.wikipedia.org/wiki/Nemaura_Medical
https://www.nemauramedical.uk,Wikipedia,Category:Medical_technology_companies_of_the_United_Kingdom,United Kingdom,https://en.wikipedia.org/wiki/Nemaura_Medical
https://nemauramedical.uk,Wikipedia,Category:Medical_technology_companies_of_the_United_Kingdom,United Kingdom,https://en.wikipedia.org/wiki/Nemaura_Medical
https://www.rothmanhealthcare.com,Wikipedia,Category:Medical_technology_companies_of_the_United_Kingdom,United Kingdom,https://en.wikipedia.org/wiki/Rothman_Healthcare
https://rothmanhealthcare.com,Wikipedia,Category:Medical_technology_companies_of_the_United_Kingdom,United Kingdom,https://en.wikipedia.org/wiki/Rothman_Healthcare
https://www.rothmanhealthcare.eu,Wikipedia,Category:Medical_technology_companies_of_the_United_Kingdom,United Kingdom,https://en.wikipedia.org/wiki/Rothman_Healthcare
https://www.rothmanhealthcare.co.uk,Wikipedia,Category:Medical_technology_companies_of_the_United_Kingdom,United Kingdom,https://en.wikipedia.org/wiki/Rothman_Healthcare
https://rothmanhealthcare.co.uk,Wikipedia,Category:Medical_technology_companies_of_the_United_Kingdom,United Kingdom,https://en.wikipedia.org/wiki/Rothman_Healthcare
https://www.rothmanhealthcare.uk,Wikipedia,Category:Medical_technology_companies_of_the_United_Kingdom,United Kingdom,https://en.wikipedia.org/wiki/Rothman_Healthcare
https://rothmanhealthcare.uk,Wikipedia,Category:Medical_technology_companies_of_the_United_Kingdom,United Kingdom,https://en.wikipedia.org/wiki/Rothman_Healthcare
https://www.sfrmedical.com,Wikipedia,Category:Medical_technology_companies_of_the_United_Kingdom,United Kingdom,https://en.wikipedia.org/wiki/SFR_Medical
https://sfrmedical.com,Wikipedia,Category:Medical_technology_companies_of_the_United_Kingdom,United Kingdom,https://en.wikipedia.org/wiki/SFR_Medical
https://www.sfrmedical.eu,Wikipedia,Category:Medical_technology_companies_of_the_United_Kingdom,United Kingdom,https://en.wikipedia.org/wiki/SFR_Medical
https://www.sfrmedical.co.uk,Wikipedia,Category:Medical_technology_companies_of_the_United_Kingdom,United Kingdom,https://en.wikipedia.org/wiki/SFR_Medical
https://sfrmedical.co.uk,Wikipedia,Category:Medical_technology_companies_of_the_United_Kingdom,United Kingdom,https://en.wikipedia.org/wiki/SFR_Medical
https://www.sfrmedical.uk,Wikipedia,Category:Medical_technology_companies_of_the_United_Kingdom,United Kingdom,https://en.wikipedia.org/wiki/SFR_Medical
https://sfrmedical.uk,Wikipedia,Category:Medical_technology_companies_of_the_United_Kingdom,United Kingdom,https://en.wikipedia.org/wiki/SFR_Medical
https://www.medicaltechnologycompaniesbycountry.co.uk,Wikipedia,Category:Medical_technology_companies_of_the_United_Kingdom,United Kingdom,https://en.wikipedia.org/wiki/Category:Medical_technology_companies_by_country
https://medicaltechnologycompaniesbycountry.co.uk,Wikipedia,Category:Medical_technology_companies_of_the_United_Kingdom,United Kingdom,https://en.wikipedia.org/wiki/Category:Medical_technology_companies_by_country
https://www.medicaltechnologycompaniesbycountry.uk,Wikipedia,Category:Medical_technology_companies_of_the_United_Kingdom,United Kingdom,https://en.wikipedia.org/wiki/Category:Medical_technology_companies_by_country
https://medicaltechnologycompaniesbycountry.uk,Wikipedia,Category:Medical_technology_companies_of_the_United_Kingdom,United Kingdom,https://en.wikipedia.org/wiki/Category:Medical_technology_companies_by_country
https://www.medicaltechnologyintheunitedkingdom.com,Wikipedia,Category:Medical_technology_companies_of_the_United_Kingdom,United Kingdom,https://en.wikipedia.org/wiki/Category:Medical_technology_in_the_United_Kingdom
https://medicaltechnologyintheunitedkingdom.com,Wikipedia,Category:Medical_technology_companies_of_the_United_Kingdom,United Kingdom,https://en.wikipedia.org/wiki/Category:Medical_technology_in_the_United_Kingdom
https://www.medicaltechnologyintheunitedkingdom.eu,Wikipedia,Category:Medical_technology_companies_of_the_United_Kingdom,United Kingdom,https://en.wikipedia.org/wiki/Category:Medical_technology_in_the_United_Kingdom
https://www.medicaltechnologyintheunitedkingdom.co.uk,Wikipedia,Category:Medical_technology_companies_of_the_United_Kingdom,United Kingdom,https://en.wikipedia.org/wiki/Category:Medical_technology_in_the_United_Kingdom
https://medicaltechnologyintheunitedkingdom.co.uk,Wikipedia,Category:Medical_technology_companies_of_the_United_Kingdom,United Kingdom,https://en.wikipedia.org/wiki/Category:Medical_technology_in_the_United_Kingdom
https://www.medicaltechnologyintheunitedkingdom.uk,Wikipedia,Category:Medical_technology_companies_of_the_United_Kingdom,United Kingdom,https://en.wikipedia.org/wiki/Category:Medical_technology_in_the_United_Kingdom
https://medicaltechnologyintheunitedkingdom.uk,Wikipedia,Category:Medical_technology_companies_of_the_United_Kingdom,United Kingdom,https://en.wikipedia.org/wiki/Category:Medical_technology_in_the_United_Kingdom
https://www.freseniusmedicalcare.com,Wikipedia,Category:Health_care_companies_of_Germany,Germany,https://en.wikipedia.org/wiki/Fresenius_Medical_Care
https://freseniusmedicalcare.com,Wikipedia,Category:Health_care_companies_of_Germany,Germany,https://en.wikipedia.org/wiki/Fresenius_Medical_Care
https://www.freseniusmedicalcare.eu,Wikipedia,Category:Health_care_companies_of_Germany,Germany,https://en.wikipedia.org/wiki/Fresenius_Medical_Care
https://www.freseniusmedicalcare.de,Wikipedia,Category:Health_care_companies_of_Germany,Germany,https://en.wikipedia.org/wiki/Fresenius_Medical_Care
https://freseniusmedicalcare.de,Wikipedia,Category:Health_care_companies_of_Germany,Germany,https://en.wikipedia.org/wiki/Fresenius_Medical_Care
https://www.roesermedical.com,Wikipedia,Category:Health_care_companies_of_Germany,Germany,https://en.wikipedia.org/wiki/Roeser_Medical
https://roesermedical.com,Wikipedia,Category:Health_care_companies_of_Germany,Germany,https://en.wikipedia.org/wiki/Roeser_Medical
https://www.roesermedical.eu,Wikipedia,Category:Health_care_companies_of_Germany,Germany,https://en.wikipedia.org/wiki/Roeser_Medical
https://www.roesermedical.de,Wikipedia,Category:Health_care_companies_of_Germany,Germany,https://en.wikipedia.org/wiki/Roeser_Medical
https://roesermedical.de,Wikipedia,Category:Health_care_companies_of_Germany,Germany,https://en.wikipedia.org/wiki/Roeser_Medical
https://www.healthcarecompaniesbycountry.com,Wikipedia,Category:Health_care_companies_of_Germany,Germany,https://en.wikipedia.org/wiki/Category:Health_care_companies_by_country
https://healthcarecompaniesbycountry.com,Wikipedia,Category:Health_care_companies_of_Germany,Germany,https://en.wikipedia.org/wiki/Category:Health_care_companies_by_country
https://www.healthcarecompaniesbycountry.eu,Wikipedia,Category:Health_care_companies_of_Germany,Germany,https://en.wikipedia.org/wiki/Category:Health_care_companies_by_country
https://www.healthcarecompaniesbycountry.de,Wikipedia,Category:Health_care_companies_of_Germany,Germany,https://en.wikipedia.org/wiki/Category:Health_care_companies_by_country
https://healthcarecompaniesbycountry.de,Wikipedia,Category:Health_care_companies_of_Germany,Germany,https://en.wikipedia.org/wiki/Category:Health_care_companies_by_country
https://www.medicalandhealthorganisationsbasedingermany.com,Wikipedia,Category:Health_care_companies_of_Germany,Germany,https://en.wikipedia.org/wiki/Category:Medical_and_health_organisations_based_in_Germany
https://medicalandhealthorganisationsbasedingermany.com,Wikipedia,Category:Health_care_companies_of_Germany,Germany,https://en.wikipedia.org/wiki/Category:Medical_and_health_organisations_based_in_Germany
https://www.medicalandhealthorganisationsbasedingermany.eu,Wikipedia,Category:Health_care_companies_of_Germany,Germany,https://en.wikipedia.org/wiki/Category:Medical_and_health_organisations_based_in_Germany
https://www.medicalandhealthorganisationsbasedingermany.de,Wikipedia,Category:Health_care_companies_of_Germany,Germany,https://en.wikipedia.org/wiki/Category:Medical_and_health_organisations_based_in_Germany
https://medicalandhealthorganisationsbasedingermany.de,Wikipedia,Category:Health_care_companies_of_Germany,Germany,https://en.wikipedia.org/wiki/Category:Medical_and_health_organisations_based_in_Germany
https://www.pharmaceuticalcompaniesofgermany.com,Wikipedia,Category:Health_care_companies_of_Germany,Germany,https://en.wikipedia.org/wiki/Category:Pharmaceutical_companies_of_Germany
https://pharmaceuticalcompaniesofgermany.com,Wikipedia,Category:Health_care_companies_of_Germany,Germany,https://en.wikipedia.org/wiki/Category:Pharmaceutical_companies_of_Germany
https://www.pharmaceuticalcompaniesofgermany.eu,Wikipedia,Category:Health_care_companies_of_Germany,Germany,https://en.wikipedia.org/wiki/Category:Pharmaceutical_companies_of_Germany
https://www.pharmaceuticalcompaniesofgermany.de,Wikipedia,Category:Health_care_companies_of_Germany,Germany,https://en.wikipedia.org/wiki/Category:Pharmaceutical_companies_of_Germany
https://pharmaceuticalcompaniesofgermany.de,Wikipedia,Category:Health_care_companies_of_Germany,Germany,https://en.wikipedia.org/wiki/Category:Pharmaceutical_companies_of_Germany
https://www.abingdonhealth.com,Wikipedia,Category:Health_care_companies_of_the_United_Kingdom,United Kingdom,https://en.wikipedia.org/wiki/Abingdon_Health
https://abingdonhealth.com,Wikipedia,Category:Health_care_companies_of_the_United_Kingdom,United Kingdom,https://en.wikipedia.org/wiki/Abingdon_Health
https://www.abingdonhealth.eu,Wikipedia,Category:Health_care_companies_of_the_United_Kingdom,United Kingdom,https://en.wikipedia.org/wiki/Abingdon_Health
https://www.abingdonhealth.co.uk,Wikipedia,Category:Health_care_companies_of_the_United_Kingdom,United Kingdom,https://en.wikipedia.org/wiki/Abingdon_Health
https://abingdonhealth.co.uk,Wikipedia,Category:Health_care_companies_of_the_United_Kingdom,United Kingdom,https://en.wikipedia.org/wiki/Abingdon_Health
https://www.abingdonhealth.uk,Wikipedia,Category:Health_care_companies_of_the_United_Kingdom,United Kingdom,https://en.wikipedia.org/wiki/Abingdon_Health
https://abingdonhealth.uk,Wikipedia,Category:Health_care_companies_of_the_United_Kingdom,United Kingdom,https://en.wikipedia.org/wiki/Abingdon_Health
https://www.alliedhealthcare.com,Wikipedia,Category:Health_care_companies_of_the_United_Kingdom,United Kingdom,https://en.wikipedia.org/wiki/Allied_Healthcare
https://alliedhealthcare.com,Wikipedia,Category:Health_care_companies_of_the_United_Kingdom,United Kingdom,https://en.wikipedia.org/wiki/Allied_Healthcare
https://www.alliedhealthcare.eu,Wikipedia,Category:Health_care_companies_of_the_United_Kingdom,United Kingdom,https://en.wikipedia.org/wiki/Allied_Healthcare
https://www.alliedhealthcare.co.uk,Wikipedia,Category:Health_care_companies_of_the_United_Kingdom,United Kingdom,https://en.wikipedia.org/wiki/Allied_Healthcare
https://alliedhealthcare.co.uk,Wikipedia,Category:Health_care_companies_of_the_United_Kingdom,United Kingdom,https://en.wikipedia.org/wiki/Allied_Healthcare
https://www.alliedhealthcare.uk,Wikipedia,Category:Health_care_companies_of_the_United_Kingdom,United Kingdom,https://en.wikipedia.org/wiki/Allied_Healthcare
https://alliedhealthcare.uk,Wikipedia,Category:Health_care_companies_of_the_United_Kingdom,United Kingdom,https://en.wikipedia.org/wiki/Allied_Healthcare
https://www.cigahealthcare.com,Wikipedia,Category:Health_care_companies_of_the_United_Kingdom,United Kingdom,https://en.wikipedia.org/wiki/CIGA_Healthcare
https://cigahealthcare.com,Wikipedia,Category:Health_care_companies_of_the_United_Kingdom,United Kingdom,https://en.wikipedia.org/wiki/CIGA_Healthcare
https://www.cigahealthcare.eu,Wikipedia,Category:Health_care_companies_of_the_United_Kingdom,United Kingdom,https://en.wikipedia.org/wiki/CIGA_Healthcare
https://www.cigahealthcare.co.uk,Wikipedia,Category:Health_care_companies_of_the_United_Kingdom,United Kingdom,https://en.wikipedia.org/wiki/CIGA_Healthcare
https://cigahealthcare.co.uk,Wikipedia,Category:Health_care_companies_of_the_United_Kingdom,United Kingdom,https://en.wikipedia.org/wiki/CIGA_Healthcare
https://www.cigahealthcare.uk,Wikipedia,Category:Health_care_companies_of_the_United_Kingdom,United Kingdom,https://en.wikipedia.org/wiki/CIGA_Healthcare
https://cigahealthcare.uk,Wikipedia,Category:Health_care_companies_of_the_United_Kingdom,United Kingdom,https://en.wikipedia.org/wiki/CIGA_Healthcare
https://www.circlehealth.com,Wikipedia,Category:Health_care_companies_of_the_United_Kingdom,United Kingdom,https://en.wikipedia.org/wiki/Circle_Health
https://circlehealth.com,Wikipedia,Category:Health_care_companies_of_the_United_Kingdom,United Kingdom,https://en.wikipedia.org/wiki/Circle_Health
https://www.circlehealth.eu,Wikipedia,Category:Health_care_companies_of_the_United_Kingdom,United Kingdom,https://en.wikipedia.org/wiki/Circle_Health
https://www.circlehealth.co.uk,Wikipedia,Category:Health_care_companies_of_the_United_Kingdom,United Kingdom,https://en.wikipedia.org/wiki/Circle_Health
https://circlehealth.co.uk,Wikipedia,Category:Health_care_companies_of_the_United_Kingdom,United Kingdom,https://en.wikipedia.org/wiki/Circle_Health
https://www.circlehealth.uk,Wikipedia,Category:Health_care_companies_of_the_United_Kingdom,United Kingdom,https://en.wikipedia.org/wiki/Circle_Health
https://circlehealth.uk,Wikipedia,Category:Health_care_companies_of_the_United_Kingdom,United Kingdom,https://en.wikipedia.org/wiki/Circle_Health
https://www.ekfdiagnostics.com,Wikipedia,Category:Health_care_companies_of_the_United_Kingdom,United Kingdom,https://en.wikipedia.org/wiki/EKF_Diagnostics
https://ekfdiagnostics.com,Wikipedia,Category:Health_care_companies_of_the_United_Kingdom,United Kingdom,https://en.wikipedia.org/wiki/EKF_Diagnostics
https://www.ekfdiagnostics.eu,Wikipedia,Category:Health_care_companies_of_the_United_Kingdom,United Kingdom,https://en.wikipedia.org/wiki/EKF_Diagnostics
https://www.ekfdiagnostics.co.uk,Wikipedia,Category:Health_care_companies_of_the_United_Kingdom,United Kingdom,https://en.wikipedia.org/wiki/EKF_Diagnostics
https://ekfdiagnostics.co.uk,Wikipedia,Category:Health_care_companies_of_the_United_Kingdom,United Kingdom,https://en.wikipedia.org/wiki/EKF_Diagnostics
https://www.ekfdiagnostics.uk,Wikipedia,Category:Health_care_companies_of_the_United_Kingdom,United Kingdom,https://en.wikipedia.org/wiki/EKF_Diagnostics
https://ekfdiagnostics.uk,Wikipedia,Category:Health_care_companies_of_the_United_Kingdom,United Kingdom,https://en.wikipedia.org/wiki/EKF_Diagnostics
https://www.fourseasonshealthcare.com,Wikipedia,Category:Health_care_companies_of_the_United_Kingdom,United Kingdom,https://en.wikipedia.org/wiki/Four_Seasons_Health_Care
https://fourseasonshealthcare.com,Wikipedia,Category:Health_care_companies_of_the_United_Kingdom,United Kingdom,https://en.wikipedia.org/wiki/Four_Seasons_Health_Care
https://www.fourseasonshealthcare.eu,Wikipedia,Category:Health_care_companies_of_the_United_Kingdom,United Kingdom,https://en.wikipedia.org/wiki/Four_Seasons_Health_Care
https://www.fourseasonshealthcare.co.uk,Wikipedia,Category:Health_care_companies_of_the_United_Kingdom,United Kingdom,https://en.wikipedia.org/wiki/Four_Seasons_Health_Care
https://fourseasonshealthcare.co.uk,Wikipedia,Category:Health_care_companies_of_the_United_Kingdom,United Kingdom,https://en.wikipedia.org/wiki/Four_Seasons_Health_Care
https://www.fourseasonshealthcare.uk,Wikipedia,Category:Health_care_companies_of_the_United_Kingdom,United Kingdom,https://en.wikipedia.org/wiki/Four_Seasons_Health_Care
https://fourseasonshealthcare.uk,Wikipedia,Category:Health_care_companies_of_the_United_Kingdom,United Kingdom,https://en.wikipedia.org/wiki/Four_Seasons_Health_Care
https://www.generalhealthcaregroup.com,Wikipedia,Category:Health_care_companies_of_the_United_Kingdom,United Kingdom,https://en.wikipedia.org/wiki/General_Healthcare_Group
https://generalhealthcaregroup.com,Wikipedia,Category:Health_care_companies_of_the_United_Kingdom,United Kingdom,https://en.wikipedia.org/wiki/General_Healthcare_Group
https://www.generalhealthcaregroup.eu,Wikipedia,Category:Health_care_companies_of_the_United_Kingdom,United Kingdom,https://en.wikipedia.org/wiki/General_Healthcare_Group
https://www.generalhealthcaregroup.co.uk,Wikipedia,Category:Health_care_companies_of_the_United_Kingdom,United Kingdom,https://en.wikipedia.org/wiki/General_Healthcare_Group
https://generalhealthcaregroup.co.uk,Wikipedia,Category:Health_care_companies_of_the_United_Kingdom,United Kingdom,https://en.wikipedia.org/wiki/General_Healthcare_Group
https://www.generalhealthcaregroup.uk,Wikipedia,Category:Health_care_companies_of_the_United_Kingdom,United Kingdom,https://en.wikipedia.org/wiki/General_Healthcare_Group
https://generalhealthcaregroup.uk,Wikipedia,Category:Health_care_companies_of_the_United_Kingdom,United Kingdom,https://en.wikipedia.org/wiki/General_Healthcare_Group
https://www.kingsbridgehealthcaregroup.com,Wikipedia,Category:Health_care_companies_of_the_United_Kingdom,United Kingdom,https://en.wikipedia.org/wiki/Kingsbridge_Healthcare_Group
https://kingsbridgehealthcaregroup.com,Wikipedia,Category:Health_care_companies_of_the_United_Kingdom,United Kingdom,https://en.wikipedia.org/wiki/Kingsbridge_Healthcare_Group
https://www.kingsbridgehealthcaregroup.eu,Wikipedia,Category:Health_care_companies_of_the_United_Kingdom,United Kingdom,https://en.wikipedia.org/wiki/Kingsbridge_Healthcare_Group
https://www.kingsbridgehealthcaregroup.co.uk,Wikipedia,Category:Health_care_companies_of_the_United_Kingdom,United Kingdom,https://en.wikipedia.org/wiki/Kingsbridge_Healthcare_Group
https://kingsbridgehealthcaregroup.co.uk,Wikipedia,Category:Health_care_companies_of_the_United_Kingdom,United Kingdom,https://en.wikipedia.org/wiki/Kingsbridge_Healthcare_Group
https://www.kingsbridgehealthcaregroup.uk,Wikipedia,Category:Health_care_companies_of_the_United_Kingdom,United Kingdom,https://en.wikipedia.org/wiki/Kingsbridge_Healthcare_Group
https://kingsbridgehealthcaregroup.uk,Wikipedia,Category:Health_care_companies_of_the_United_Kingdom,United Kingdom,https://en.wikipedia.org/wiki/Kingsbridge_Healthcare_Group
https://www.newcrosshealthcare.com,Wikipedia,Category:Health_care_companies_of_the_United_Kingdom,United Kingdom,https://en.wikipedia.org/wiki/Newcross_Healthcare
https://newcrosshealthcare.com,Wikipedia,Category:Health_care_companies_of_the_United_Kingdom,United Kingdom,https://en.wikipedia.org/wiki/Newcross_Healthcare
https://www.newcrosshealthcare.eu,Wikipedia,Category:Health_care_companies_of_the_United_Kingdom,United Kingdom,https://en.wikipedia.org/wiki/Newcross_Healthcare
https://www.newcrosshealthcare.co.uk,Wikipedia,Category:Health_care_companies_of_the_United_Kingdom,United Kingdom,https://en.wikipedia.org/wiki/Newcross_Healthcare
https://newcrosshealthcare.co.uk,Wikipedia,Category:Health_care_companies_of_the_United_Kingdom,United Kingdom,https://en.wikipedia.org/wiki/Newcross_Healthcare
https://www.newcrosshealthcare.uk,Wikipedia,Category:Health_care_companies_of_the_United_Kingdom,United Kingdom,https://en.wikipedia.org/wiki/Newcross_Healthcare
https://newcrosshealthcare.uk,Wikipedia,Category:Health_care_companies_of_the_United_Kingdom,United Kingdom,https://en.wikipedia.org/wiki/Newcross_Healthcare
https://www.nuffieldhealth.com,Wikipedia,Category:Health_care_companies_of_the_United_Kingdom,United Kingdom,https://en.wikipedia.org/wiki/Nuffield_Health
https://nuffieldhealth.com,Wikipedia,Category:Health_care_companies_of_the_United_Kingdom,United Kingdom,https://en.wikipedia.org/wiki/Nuffield_Health
https://www.nuffieldhealth.eu,Wikipedia,Category:Health_care_companies_of_the_United_Kingdom,United Kingdom,https://en.wikipedia.org/wiki/Nuffield_Health
https://www.nuffieldhealth.co.uk,Wikipedia,Category:Health_care_companies_of_the_United_Kingdom,United Kingdom,https://en.wikipedia.org/wiki/Nuffield_Health
https://nuffieldhealth.co.uk,Wikipedia,Category:Health_care_companies_of_the_United_Kingdom,United Kingdom,https://en.wikipedia.org/wiki/Nuffield_Health
https://www.nuffieldhealth.uk,Wikipedia,Category:Health_care_companies_of_the_United_Kingdom,United Kingdom,https://en.wikipedia.org/wiki/Nuffield_Health
https://nuffieldhealth.uk,Wikipedia,Category:Health_care_companies_of_the_United_Kingdom,United Kingdom,https://en.wikipedia.org/wiki/Nuffield_Health
https://www.onehealthgroup.com,Wikipedia,Category:Health_care_companies_of_the_United_Kingdom,United Kingdom,https://en.wikipedia.org/wiki/One_Health_Group
https://onehealthgroup.com,Wikipedia,Category:Health_care_companies_of_the_United_Kingdom,United Kingdom,https://en.wikipedia.org/wiki/One_Health_Group
https://www.onehealthgroup.eu,Wikipedia,Category:Health_care_companies_of_the_United_Kingdom,United Kingdom,https://en.wikipedia.org/wiki/One_Health_Group
https://www.onehealthgroup.co.uk,Wikipedia,Category:Health_care_companies_of_the_United_Kingdom,United Kingdom,https://en.wikipedia.org/wiki/One_Health_Group
https://onehealthgroup.co.uk,Wikipedia,Category:Health_care_companies_of_the_United_Kingdom,United Kingdom,https://en.wikipedia.org/wiki/One_Health_Group
https://www.onehealthgroup.uk,Wikipedia,Category:Health_care_companies_of_the_United_Kingdom,United Kingdom,https://en.wikipedia.org/wiki/One_Health_Group
https://onehealthgroup.uk,Wikipedia,Category:Health_care_companies_of_the_United_Kingdom,United Kingdom,https://en.wikipedia.org/wiki/One_Health_Group
https://www.premiermedicalgroup.com,Wikipedia,Category:Health_care_companies_of_the_United_Kingdom,United Kingdom,https://en.wikipedia.org/wiki/Premier_Medical_Group
https://premiermedicalgroup.com,Wikipedia,Category:Health_care_companies_of_the_United_Kingdom,United Kingdom,https://en.wikipedia.org/wiki/Premier_Medical_Group
https://www.premiermedicalgroup.eu,Wikipedia,Category:Health_care_companies_of_the_United_Kingdom,United Kingdom,https://en.wikipedia.org/wiki/Premier_Medical_Group
https://www.premiermedicalgroup.co.uk,Wikipedia,Category:Health_care_companies_of_the_United_Kingdom,United Kingdom,https://en.wikipedia.org/wiki/Premier_Medical_Group
https://premiermedicalgroup.co.uk,Wikipedia,Category:Health_care_companies_of_the_United_Kingdom,United Kingdom,https://en.wikipedia.org/wiki/Premier_Medical_Group
https://www.premiermedicalgroup.uk,Wikipedia,Category:Health_care_companies_of_the_United_Kingdom,United Kingdom,https://en.wikipedia.org/wiki/Premier_Medical_Group
https://premiermedicalgroup.uk,Wikipedia,Category:Health_care_companies_of_the_United_Kingdom,United Kingdom,https://en.wikipedia.org/wiki/Premier_Medical_Group
https://www.puretechhealth.com,Wikipedia,Category:Health_care_companies_of_the_United_Kingdom,United Kingdom,https://en.wikipedia.org/wiki/PureTech_Health
https://puretechhealth.com,Wikipedia,Category:Health_care_companies_of_the_United_Kingdom,United Kingdom,https://en.wikipedia.org/wiki/PureTech_Health
https://www.puretechhealth.eu,Wikipedia,Category:Health_care_companies_of_the_United_Kingdom,United Kingdom,https://en.wikipedia.org/wiki/PureTech_Health
https://www.puretechhealth.co.uk,Wikipedia,Category:Health_care_companies_of_the_United_Kingdom,United Kingdom,https://en.wikipedia.org/wiki/PureTech_Health
https://puretechhealth.co.uk,Wikipedia,Category:Health_care_companies_of_the_United_Kingdom,United Kingdom,https://en.wikipedia.org/wiki/PureTech_Health
https://www.puretechhealth.uk,Wikipedia,Category:Health_care_companies_of_the_United_Kingdom,United Kingdom,https://en.wikipedia.org/wiki/PureTech_Health
https://puretechhealth.uk,Wikipedia,Category:Health_care_companies_of_the_United_Kingdom,United Kingdom,https://en.wikipedia.org/wiki/PureTech_Health
https://www.ramsayhealthcareuk.com,Wikipedia,Category:Health_care_companies_of_the_United_Kingdom,United Kingdom,https://en.wikipedia.org/wiki/Ramsay_Health_Care_UK
https://ramsayhealthcareuk.com,Wikipedia,Category:Health_care_companies_of_the_United_Kingdom,United Kingdom,https://en.wikipedia.org/wiki/Ramsay_Health_Care_UK
https://www.ramsayhealthcareuk.eu,Wikipedia,Category:Health_care_companies_of_the_United_Kingdom,United Kingdom,https://en.wikipedia.org/wiki/Ramsay_Health_Care_UK
https://www.ramsayhealthcareuk.co.uk,Wikipedia,Category:Health_care_companies_of_the_United_Kingdom,United Kingdom,https://en.wikipedia.org/wiki/Ramsay_Health_Care_UK
https://ramsayhealthcareuk.co.uk,Wikipedia,Category:Health_care_companies_of_the_United_Kingdom,United Kingdom,https://en.wikipedia.org/wiki/Ramsay_Health_Care_UK
https://www.ramsayhealthcareuk.uk,Wikipedia,Category:Health_care_companies_of_the_United_Kingdom,United Kingdom,https://en.wikipedia.org/wiki/Ramsay_Health_Care_UK
https://ramsayhealthcareuk.uk,Wikipedia,Category:Health_care_companies_of_the_United_Kingdom,United Kingdom,https://en.wikipedia.org/wiki/Ramsay_Health_Care_UK
https://www.rutherfordhealth.com,Wikipedia,Category:Health_care_companies_of_the_United_Kingdom,United Kingdom,https://en.wikipedia.org/wiki/Rutherford_Health
https://rutherfordhealth.com,Wikipedia,Category:Health_care_companies_of_the_United_Kingdom,United Kingdom,https://en.wikipedia.org/wiki/Rutherford_Health
https://www.rutherfordhealth.eu,Wikipedia,Category:Health_care_companies_of_the_United_Kingdom,United Kingdom,https://en.wikipedia.org/wiki/Rutherford_Health
https://www.rutherfordhealth.co.uk,Wikipedia,Category:Health_care_companies_of_the_United_Kingdom,United Kingdom,https://en.wikipedia.org/wiki/Rutherford_Health
https://rutherfordhealth.co.uk,Wikipedia,Category:Health_care_companies_of_the_United_Kingdom,United Kingdom,https://en.wikipedia.org/wiki/Rutherford_Health
https://www.rutherfordhealth.uk,Wikipedia,Category:Health_care_companies_of_the_United_Kingdom,United Kingdom,https://en.wikipedia.org/wiki/Rutherford_Health
https://rutherfordhealth.uk,Wikipedia,Category:Health_care_companies_of_the_United_Kingdom,United Kingdom,https://en.wikipedia.org/wiki/Rutherford_Health
https://www.salutemhealthcare.com,Wikipedia,Category:Health_care_companies_of_the_United_Kingdom,United Kingdom,https://en.wikipedia.org/wiki/Salutem_Healthcare
https://salutemhealthcare.com,Wikipedia,Category:Health_care_companies_of_the_United_Kingdom,United Kingdom,https://en.wikipedia.org/wiki/Salutem_Healthcare
https://www.salutemhealthcare.eu,Wikipedia,Category:Health_care_companies_of_the_United_Kingdom,United Kingdom,https://en.wikipedia.org/wiki/Salutem_Healthcare
https://www.salutemhealthcare.co.uk,Wikipedia,Category:Health_care_companies_of_the_United_Kingdom,United Kingdom,https://en.wikipedia.org/wiki/Salutem_Healthcare
https://salutemhealthcare.co.uk,Wikipedia,Category:Health_care_companies_of_the_United_Kingdom,United Kingdom,https://en.wikipedia.org/wiki/Salutem_Healthcare
https://www.salutemhealthcare.uk,Wikipedia,Category:Health_care_companies_of_the_United_Kingdom,United Kingdom,https://en.wikipedia.org/wiki/Salutem_Healthcare
https://salutemhealthcare.uk,Wikipedia,Category:Health_care_companies_of_the_United_Kingdom,United Kingdom,https://en.wikipedia.org/wiki/Salutem_Healthcare
https://www.spirehealthcare.com,Wikipedia,Category:Health_care_companies_of_the_United_Kingdom,United Kingdom,https://en.wikipedia.org/wiki/Spire_Healthcare
https://spirehealthcare.com,Wikipedia,Category:Health_care_companies_of_the_United_Kingdom,United Kingdom,https://en.wikipedia.org/wiki/Spire_Healthcare
https://www.spirehealthcare.eu,Wikipedia,Category:Health_care_companies_of_the_United_Kingdom,United Kingdom,https://en.wikipedia.org/wiki/Spire_Healthcare
https://www.spirehealthcare.co.uk,Wikipedia,Category:Health_care_companies_of_the_United_Kingdom,United Kingdom,https://en.wikipedia.org/wiki/Spire_Healthcare
https://spirehealthcare.co.uk,Wikipedia,Category:Health_care_companies_of_the_United_Kingdom,United Kingdom,https://en.wikipedia.org/wiki/Spire_Healthcare
https://www.spirehealthcare.uk,Wikipedia,Category:Health_care_companies_of_the_United_Kingdom,United Kingdom,https://en.wikipedia.org/wiki/Spire_Healthcare
https://spirehealthcare.uk,Wikipedia,Category:Health_care_companies_of_the_United_Kingdom,United Kingdom,https://en.wikipedia.org/wiki/Spire_Healthcare
https://www.synergyhealth.com,Wikipedia,Category:Health_care_companies_of_the_United_Kingdom,United Kingdom,https://en.wikipedia.org/wiki/Synergy_Health
https://synergyhealth.com,Wikipedia,Category:Health_care_companies_of_the_United_Kingdom,United Kingdom,https://en.wikipedia.org/wiki/Synergy_Health
https://www.synergyhealth.eu,Wikipedia,Category:Health_care_companies_of_the_United_Kingdom,United Kingdom,https://en.wikipedia.org/wiki/Synergy_Health
https://www.synergyhealth.co.uk,Wikipedia,Category:Health_care_companies_of_the_United_Kingdom,United Kingdom,https://en.wikipedia.org/wiki/Synergy_Health
https://synergyhealth.co.uk,Wikipedia,Category:Health_care_companies_of_the_United_Kingdom,United Kingdom,https://en.wikipedia.org/wiki/Synergy_Health
https://www.synergyhealth.uk,Wikipedia,Category:Health_care_companies_of_the_United_Kingdom,United Kingdom,https://en.wikipedia.org/wiki/Synergy_Health
https://synergyhealth.uk,Wikipedia,Category:Health_care_companies_of_the_United_Kingdom,United Kingdom,https://en.wikipedia.org/wiki/Synergy_Health
https://www.westfieldhealth.com,Wikipedia,Category:Health_care_companies_of_the_United_Kingdom,United Kingdom,https://en.wikipedia.org/wiki/Westfield_Health
https://westfieldhealth.com,Wikipedia,Category:Health_care_companies_of_the_United_Kingdom,United Kingdom,https://en.wikipedia.org/wiki/Westfield_Health
https://www.westfieldhealth.eu,Wikipedia,Category:Health_care_companies_of_the_United_Kingdom,United Kingdom,https://en.wikipedia.org/wiki/Westfield_Health
https://www.westfieldhealth.co.uk,Wikipedia,Category:Health_care_companies_of_the_United_Kingdom,United Kingdom,https://en.wikipedia.org/wiki/Westfield_Health
https://westfieldhealth.co.uk,Wikipedia,Category:Health_care_companies_of_the_United_Kingdom,United Kingdom,https://en.wikipedia.org/wiki/Westfield_Health
https://www.westfieldhealth.uk,Wikipedia,Category:Health_care_companies_of_the_United_Kingdom,United Kingdom,https://en.wikipedia.org/wiki/Westfield_Health
https://westfieldhealth.uk,Wikipedia,Category:Health_care_companies_of_the_United_Kingdom,United Kingdom,https://en.wikipedia.org/wiki/Westfield_Health
https://www.healthcarecompaniesbycountry.co.uk,Wikipedia,Category:Health_care_companies_of_the_United_Kingdom,United Kingdom,https://en.wikipedia.org/wiki/Category:Health_care_companies_by_country
https://healthcarecompaniesbycountry.co.uk,Wikipedia,Category:Health_care_companies_of_the_United_Kingdom,United Kingdom,https://en.wikipedia.org/wiki/Category:Health_care_companies_by_country
https://www.healthcarecompaniesbycountry.uk,Wikipedia,Category:Health_care_companies_of_the_United_Kingdom,United Kingdom,https://en.wikipedia.org/wiki/Category:Health_care_companies_by_country
https://healthcarecompaniesbycountry.uk,Wikipedia,Category:Health_care_companies_of_the_United_Kingdom,United Kingdom,https://en.wikipedia.org/wiki/Category:Health_care_companies_by_country
https://www.medicalandhealthorganisationsbasedintheunitedkingdom.com,Wikipedia,Category:Health_care_companies_of_the_United_Kingdom,United Kingdom,https://en.wikipedia.org/wiki/Category:Medical_and_health_organisations_based_in_the_United_Kingdom
https://medicalandhealthorganisationsbasedintheunitedkingdom.com,Wikipedia,Category:Health_care_companies_of_the_United_Kingdom,United Kingdom,https://en.wikipedia.org/wiki/Category:Medical_and_health_organisations_based_in_the_United_Kingdom
https://www.medicalandhealthorganisationsbasedintheunitedkingdom.eu,Wikipedia,Category:Health_care_companies_of_the_United_Kingdom,United Kingdom,https://en.wikipedia.org/wiki/Category:Medical_and_health_organisations_based_in_the_United_Kingdom
https://www.medicalandhealthorganisationsbasedintheunitedkingdom.co.uk,Wikipedia,Category:Health_care_companies_of_the_United_Kingdom,United Kingdom,https://en.wikipedia.org/wiki/Category:Medical_and_health_organisations_based_in_the_United_Kingdom
https://medicalandhealthorganisationsbasedintheunitedkingdom.co.uk,Wikipedia,Category:Health_care_companies_of_the_United_Kingdom,United Kingdom,https://en.wikipedia.org/wiki/Category:Medical_and_health_organisations_based_in_the_United_Kingdom
https://www.medicalandhealthorganisationsbasedintheunitedkingdom.uk,Wikipedia,Category:Health_care_companies_of_the_United_Kingdom,United Kingdom,https://en.wikipedia.org/wiki/Category:Medical_and_health_organisations_based_in_the_United_Kingdom
https://medicalandhealthorganisationsbasedintheunitedkingdom.uk,Wikipedia,Category:Health_care_companies_of_the_United_Kingdom,United Kingdom,https://en.wikipedia.org/wiki/Category:Medical_and_health_organisations_based_in_the_United_Kingdom
https://www.privatemedicineintheunitedkingdom.com,Wikipedia,Category:Health_care_companies_of_the_United_Kingdom,United Kingdom,https://en.wikipedia.org/wiki/Category:Private_medicine_in_the_United_Kingdom
https://privatemedicineintheunitedkingdom.com,Wikipedia,Category:Health_care_companies_of_the_United_Kingdom,United Kingdom,https://en.wikipedia.org/wiki/Category:Private_medicine_in_the_United_Kingdom
https://www.privatemedicineintheunitedkingdom.eu,Wikipedia,Category:Health_care_companies_of_the_United_Kingdom,United Kingdom,https://en.wikipedia.org/wiki/Category:Private_medicine_in_the_United_Kingdom
https://www.privatemedicineintheunitedkingdom.co.uk,Wikipedia,Category:Health_care_companies_of_the_United_Kingdom,United Kingdom,https://en.wikipedia.org/wiki/Category:Private_medicine_in_the_United_Kingdom
https://privatemedicineintheunitedkingdom.co.uk,Wikipedia,Category:Health_care_companies_of_the_United_Kingdom,United Kingdom,https://en.wikipedia.org/wiki/Category:Private_medicine_in_the_United_Kingdom
https://www.privatemedicineintheunitedkingdom.uk,Wikipedia,Category:Health_care_companies_of_the_United_Kingdom,United Kingdom,https://en.wikipedia.org/wiki/Category:Private_medicine_in_the_United_Kingdom
https://privatemedicineintheunitedkingdom.uk,Wikipedia,Category:Health_care_companies_of_the_United_Kingdom,United Kingdom,https://en.wikipedia.org/wiki/Category:Private_medicine_in_the_United_Kingdom
https://www.healthclubsintheunitedkingdom.com,Wikipedia,Category:Health_care_companies_of_the_United_Kingdom,United Kingdom,https://en.wikipedia.org/wiki/Category:Health_clubs_in_the_United_Kingdom
https://healthclubsintheunitedkingdom.com,Wikipedia,Category:Health_care_companies_of_the_United_Kingdom,United Kingdom,https://en.wikipedia.org/wiki/Category:Health_clubs_in_the_United_Kingdom
https://www.healthclubsintheunitedkingdom.eu,Wikipedia,Category:Health_care_companies_of_the_United_Kingdom,United Kingdom,https://en.wikipedia.org/wiki/Category:Health_clubs_in_the_United_Kingdom
https://www.healthclubsintheunitedkingdom.co.uk,Wikipedia,Category:Health_care_companies_of_the_United_Kingdom,United Kingdom,https://en.wikipedia.org/wiki/Category:Health_clubs_in_the_United_Kingdom
https://healthclubsintheunitedkingdom.co.uk,Wikipedia,Category:Health_care_companies_of_the_United_Kingdom,United Kingdom,https://en.wikipedia.org/wiki/Category:Health_clubs_in_the_United_Kingdom
https://www.healthclubsintheunitedkingdom.uk,Wikipedia,Category:Health_care_companies_of_the_United_Kingdom,United Kingdom,https://en.wikipedia.org/wiki/Category:Health_clubs_in_the_United_Kingdom
https://healthclubsintheunitedkingdom.uk,Wikipedia,Category:Health_care_companies_of_the_United_Kingdom,United Kingdom,https://en.wikipedia.org/wiki/Category:Health_clubs_in_the_United_Kingdom
https://www.pharmaceuticalcompaniesoftheunitedkingdom.com,Wikipedia,Category:Health_care_companies_of_the_United_Kingdom,United Kingdom,https://en.wikipedia.org/wiki/Category:Pharmaceutical_companies_of_the_United_Kingdom
https://pharmaceuticalcompaniesoftheunitedkingdom.com,Wikipedia,Category:Health_care_companies_of_the_United_Kingdom,United Kingdom,https://en.wikipedia.org/wiki/Category:Pharmaceutical_companies_of_the_United_Kingdom
https://www.pharmaceuticalcompaniesoftheunitedkingdom.eu,Wikipedia,Category:Health_care_companies_of_the_United_Kingdom,United Kingdom,https://en.wikipedia.org/wiki/Category:Pharmaceutical_companies_of_the_United_Kingdom
https://www.pharmaceuticalcompaniesoftheunitedkingdom.co.uk,Wikipedia,Category:Health_care_companies_of_the_United_Kingdom,United Kingdom,https://en.wikipedia.org/wiki/Category:Pharmaceutical_companies_of_the_United_Kingdom
https://pharmaceuticalcompaniesoftheunitedkingdom.co.uk,Wikipedia,Category:Health_care_companies_of_the_United_Kingdom,United Kingdom,https://en.wikipedia.org/wiki/Category:Pharmaceutical_companies_of_the_United_Kingdom
https://www.pharmaceuticalcompaniesoftheunitedkingdom.uk,Wikipedia,Category:Health_care_companies_of_the_United_Kingdom,United Kingdom,https://en.wikipedia.org/wiki/Category:Pharmaceutical_companies_of_the_United_Kingdom
https://pharmaceuticalcompaniesoftheunitedkingdom.uk,Wikipedia,Category:Health_care_companies_of_the_United_Kingdom,United Kingdom,https://en.wikipedia.org/wiki/Category:Pharmaceutical_companies_of_the_United_Kingdom
https://www.healthcarecompaniesofengland.com,Wikipedia,Category:Health_care_companies_of_the_United_Kingdom,United Kingdom,https://en.wikipedia.org/wiki/Category:Health_care_companies_of_England
https://healthcarecompaniesofengland.com,Wikipedia,Category:Health_care_companies_of_the_United_Kingdom,United Kingdom,https://en.wikipedia.org/wiki/Category:Health_care_companies_of_England
https://www.healthcarecompaniesofengland.eu,Wikipedia,Category:Health_care_companies_of_the_United_Kingdom,United Kingdom,https://en.wikipedia.org/wiki/Category:Health_care_companies_of_England
https://www.healthcarecompaniesofengland.co.uk,Wikipedia,Category:Health_care_companies_of_the_United_Kingdom,United Kingdom,https://en.wikipedia.org/wiki/Category:Health_care_companies_of_England
https://healthcarecompaniesofengland.co.uk,Wikipedia,Category:Health_care_companies_of_the_United_Kingdom,United Kingdom,https://en.wikipedia.org/wiki/Category:Health_care_companies_of_England
https://www.healthcarecompaniesofengland.uk,Wikipedia,Category:Health_care_companies_of_the_United_Kingdom,United Kingdom,https://en.wikipedia.org/wiki/Category:Health_care_companies_of_England
https://healthcarecompaniesofengland.uk,Wikipedia,Category:Health_care_companies_of_the_United_Kingdom,United Kingdom,https://en.wikipedia.org/wiki/Category:Health_care_companies_of_England
https://www.healthcarecompaniesofscotland.com,Wikipedia,Category:Health_care_companies_of_the_United_Kingdom,United Kingdom,https://en.wikipedia.org/wiki/Category:Health_care_companies_of_Scotland
https://healthcarecompaniesofscotland.com,Wikipedia,Category:Health_care_companies_of_the_United_Kingdom,United Kingdom,https://en.wikipedia.org/wiki/Category:Health_care_companies_of_Scotland
https://www.healthcarecompaniesofscotland.eu,Wikipedia,Category:Health_care_companies_of_the_United_Kingdom,United Kingdom,https://en.wikipedia.org/wiki/Category:Health_care_companies_of_Scotland
https://www.healthcarecompaniesofscotland.co.uk,Wikipedia,Category:Health_care_companies_of_the_United_Kingdom,United Kingdom,https://en.wikipedia.org/wiki/Category:Health_care_companies_of_Scotland
https://healthcarecompaniesofscotland.co.uk,Wikipedia,Category:Health_care_companies_of_the_United_Kingdom,United Kingdom,https://en.wikipedia.org/wiki/Category:Health_care_companies_of_Scotland
https://www.healthcarecompaniesofscotland.uk,Wikipedia,Category:Health_care_companies_of_the_United_Kingdom,United Kingdom,https://en.wikipedia.org/wiki/Category:Health_care_companies_of_Scotland
https://healthcarecompaniesofscotland.uk,Wikipedia,Category:Health_care_companies_of_the_United_Kingdom,United Kingdom,https://en.wikipedia.org/wiki/Category:Health_care_companies_of_Scotland
