url,discovery_method,status,category
https://med-services.dk,Generated Domain,Discovered,Potential Health Tech
https://www.min-doktor.se,European Health Tech,Discovered,European Health Tech
https://theclinic.fr,Generated Domain,Discovered,Potential Health Tech
https://healthcare-services.uk,Generated Domain,Discovered,Potential Health Tech
https://www.1001pharmacies.com,European Health Tech,Discovered,European Health Tech
https://www.smartpatient.eu,German Health Tech,Discovered,German Health Tech
https://apphospital.uk,Generated Domain,Discovered,Potential Health Tech
https://medicinesolutions.be,Generated Domain,Discovered,Potential Health Tech
https://www.genmab.com,European Health Tech,Discovered,European Health Tech
https://medservices.it,Generated Domain,Discovered,Potential Health Tech
https://hospitalservices.fr,Generated Domain,Discovered,Potential Health Tech
https://www.myhealthchecked.com,European Health Tech,Discovered,European Health Tech
https://hospitalapp.se,Generated Domain,Discovered,Potential Health Tech
https://thehealth.at,Generated Domain,Discovered,Potential Health Tech
https://medicinesolutions.com,Generated Domain,Discovered,Potential Health Tech
https://clinic-systems.de,Generated Domain,Discovered,Potential Health Tech
https://physician-systems.it,Generated Domain,Discovered,Potential Health Tech
https://www.opensafely.org,European Health Tech,Discovered,European Health Tech
https://eclinic.be,Generated Domain,Discovered,Potential Health Tech
https://medicalsolutions.com,Generated Domain,Discovered,Potential Health Tech
https://patient-technology.fr,Generated Domain,Discovered,Potential Health Tech
https://www.samedi.de,German Health Tech,Discovered,German Health Tech
https://health-platform.ch,Generated Domain,Discovered,Potential Health Tech
https://www.netdoktor.dk,European Health Tech,Discovered,European Health Tech
https://www.echo.co.uk,European Health Tech,Discovered,European Health Tech
https://healthcaretech.at,Generated Domain,Discovered,Potential Health Tech
https://imedic.be,Generated Domain,Discovered,Potential Health Tech
https://doctor-services.be,Generated Domain,Discovered,Potential Health Tech
https://physician-tech.nl,Generated Domain,Discovered,Potential Health Tech
https://gohealthcare.nl,Generated Domain,Discovered,Potential Health Tech
https://www.medigene.com,German Health Tech,Discovered,German Health Tech
https://treatment-service.com,Generated Domain,Discovered,Potential Health Tech
https://technologycare.it,Generated Domain,Discovered,Potential Health Tech
https://care-platform.dk,Generated Domain,Discovered,Potential Health Tech
https://healthcaretech.it,Generated Domain,Discovered,Potential Health Tech
https://doctor-service.fr,Generated Domain,Discovered,Potential Health Tech
https://apphealthcare.co.uk,Generated Domain,Discovered,Potential Health Tech
https://thetherapy.se,Generated Domain,Discovered,Potential Health Tech
https://www.braun.de,German Health Tech,Discovered,German Health Tech
https://24healthcare.fr,Generated Domain,Discovered,Potential Health Tech
https://www.comuny.de/,User Hardcoded,Discovered,Verified Health Tech
https://serviceclinic.at,Generated Domain,Discovered,Potential Health Tech
https://www.livi.fr,European Health Tech,Discovered,European Health Tech
https://www.nedap-healthcare.com,European Health Tech,Discovered,European Health Tech
https://www.livi.co.uk,European Health Tech,Discovered,European Health Tech
https://www.dsm.com,European Health Tech,Discovered,European Health Tech
https://www.hartmann.info,German Health Tech,Discovered,German Health Tech
https://medicine-systems.com,Generated Domain,Discovered,Potential Health Tech
https://mymedic.ch,Generated Domain,Discovered,Potential Health Tech
https://healthcareservices.be,Generated Domain,Discovered,Potential Health Tech
https://systemscare.ch,Generated Domain,Discovered,Potential Health Tech
https://emedicine.uk,Generated Domain,Discovered,Potential Health Tech
https://health-service.co.uk,Generated Domain,Discovered,Potential Health Tech
https://www.dompé.com,European Health Tech,Discovered,European Health Tech
https://serviceshealthcare.se,Generated Domain,Discovered,Potential Health Tech
https://hospital-app.uk,Generated Domain,Discovered,Potential Health Tech
https://therapyapp.com,Generated Domain,Discovered,Potential Health Tech
https://www.ikk-classic.de,German Health Tech,Discovered,German Health Tech
https://solutionsdoctor.dk,Generated Domain,Discovered,Potential Health Tech
https://servicetreatment.com,Generated Domain,Discovered,Potential Health Tech
https://getclinic.ch,Generated Domain,Discovered,Potential Health Tech
https://ehealth.com,Generated Domain,Discovered,Potential Health Tech
https://medicineservices.co.uk,Generated Domain,Discovered,Potential Health Tech
https://www.everlywell.de,German Health Tech,Discovered,German Health Tech
https://www.correvio.com,European Health Tech,Discovered,European Health Tech
https://denton-systems.de/,User Hardcoded,Discovered,Verified Health Tech
https://careservice.se,Generated Domain,Discovered,Potential Health Tech
https://thetreatment.dk,Generated Domain,Discovered,Potential Health Tech
https://www.precise.se,European Health Tech,Discovered,European Health Tech
https://careapp.it,Generated Domain,Discovered,Potential Health Tech
https://care-service.nl,Generated Domain,Discovered,Potential Health Tech
https://platformhospital.it,Generated Domain,Discovered,Potential Health Tech
https://treatmentservice.at,Generated Domain,Discovered,Potential Health Tech
https://medical-solutions.nl,Generated Domain,Discovered,Potential Health Tech
https://doctor-services.uk,Generated Domain,Discovered,Potential Health Tech
https://medical-technology.uk,Generated Domain,Discovered,Potential Health Tech
https://apphospital.com,Generated Domain,Discovered,Potential Health Tech
https://clinicservices.dk,Generated Domain,Discovered,Potential Health Tech
https://healthcare-solutions.dk,Generated Domain,Discovered,Potential Health Tech
https://healthcareplatform.dk,Generated Domain,Discovered,Potential Health Tech
https://clinic-technology.it,Generated Domain,Discovered,Potential Health Tech
https://www.dimdi.de,German Health Tech,Discovered,German Health Tech
https://www.oryzon.com,European Health Tech,Discovered,European Health Tech
https://getdoc.de,Generated Domain,Discovered,Potential Health Tech
https://www.neotiv.de,German Health Tech,Discovered,German Health Tech
https://getdoctor.dk,Generated Domain,Discovered,Potential Health Tech
https://technologytherapy.it,Generated Domain,Discovered,Potential Health Tech
https://www.temedica.com,German Health Tech,Discovered,German Health Tech
https://www.merus.nl,European Health Tech,Discovered,European Health Tech
https://hospitalplatform.co.uk,Generated Domain,Discovered,Potential Health Tech
https://medicalapp.ch,Generated Domain,Discovered,Potential Health Tech
https://thetherapy.be,Generated Domain,Discovered,Potential Health Tech
https://technologyhealthcare.ch,Generated Domain,Discovered,Potential Health Tech
https://health-services.nl,Generated Domain,Discovered,Potential Health Tech
https://servicehealthcare.com,Generated Domain,Discovered,Potential Health Tech
https://www.minimed.de,German Health Tech,Discovered,German Health Tech
https://servicesclinic.dk,Generated Domain,Discovered,Potential Health Tech
https://www.medconfidential.org,European Health Tech,Discovered,European Health Tech
https://getmedicine.nl,Generated Domain,Discovered,Potential Health Tech
https://www.healthmeapp.de/de/,User Hardcoded,Discovered,Verified Health Tech
https://www.4sc.com,German Health Tech,Discovered,German Health Tech
https://appcare.ch,Generated Domain,Discovered,Potential Health Tech
https://www.orexo.com,European Health Tech,Discovered,European Health Tech
https://clinic-systems.dk,Generated Domain,Discovered,Potential Health Tech
https://www.servier.com,European Health Tech,Discovered,European Health Tech
https://medicaltechnology.be,Generated Domain,Discovered,Potential Health Tech
https://patient-solutions.de,Generated Domain,Discovered,Potential Health Tech
https://breathment.com/,User Hardcoded,Discovered,Verified Health Tech
https://www.pharmap.it,European Health Tech,Discovered,European Health Tech
https://medical-technology.co.uk,Generated Domain,Discovered,Potential Health Tech
https://physician-services.se,Generated Domain,Discovered,Potential Health Tech
https://mycare.se,Generated Domain,Discovered,Potential Health Tech
https://www.biotronik.com,German Health Tech,Discovered,German Health Tech
https://www.sanvartis.com,German Health Tech,Discovered,German Health Tech
https://solutionshealthcare.at,Generated Domain,Discovered,Potential Health Tech
https://platformmedic.dk,Generated Domain,Discovered,Potential Health Tech
https://www.barmer.de,German Health Tech,Discovered,German Health Tech
https://platformcare.it,Generated Domain,Discovered,Potential Health Tech
https://docservices.ch,Generated Domain,Discovered,Potential Health Tech
https://techmedicine.nl,Generated Domain,Discovered,Potential Health Tech
https://technologydoc.dk,Generated Domain,Discovered,Potential Health Tech
https://www.medikamente-per-klick.de,German Health Tech,Discovered,German Health Tech
https://medicalplatform.be,Generated Domain,Discovered,Potential Health Tech
https://doctortechnology.de,Generated Domain,Discovered,Potential Health Tech
https://physician-technology.nl,Generated Domain,Discovered,Potential Health Tech
https://healthcare-platform.it,Generated Domain,Discovered,Potential Health Tech
https://www.dottori.it,European Health Tech,Discovered,European Health Tech
https://brea.app/,User Hardcoded,Discovered,Verified Health Tech
https://www.regionh.dk,European Health Tech,Discovered,European Health Tech
https://www.kry.de,German Health Tech,Discovered,German Health Tech
https://www.doveecomemicuro.it,European Health Tech,Discovered,European Health Tech
https://servicecare.dk,Generated Domain,Discovered,Potential Health Tech
https://www.brainjo.de/,User Hardcoded,Discovered,Verified Health Tech
https://www.fernarzt.com,German Health Tech,Discovered,German Health Tech
https://healthcare-systems.de,Generated Domain,Discovered,Potential Health Tech
https://gettherapy.co.uk,Generated Domain,Discovered,Potential Health Tech
https://servicemedic.de,Generated Domain,Discovered,Potential Health Tech
https://healthcaresolutions.com,Generated Domain,Discovered,Potential Health Tech
https://itreatment.se,Generated Domain,Discovered,Potential Health Tech
https://www.medecinsdegarde.fr,European Health Tech,Discovered,European Health Tech
https://medical-solutions.de,Generated Domain,Discovered,Potential Health Tech
https://health-app.nl,Generated Domain,Discovered,Potential Health Tech
https://gotherapy.uk,Generated Domain,Discovered,Potential Health Tech
https://www.zorgverzekeringslijn.nl,European Health Tech,Discovered,European Health Tech
https://servicehealthcare.ch,Generated Domain,Discovered,Potential Health Tech
https://patient-systems.at,Generated Domain,Discovered,Potential Health Tech
https://www.doctolib.fr,European Health Tech,Discovered,European Health Tech
https://healthcaretechnology.fr,Generated Domain,Discovered,Potential Health Tech
https://physician-systems.fr,Generated Domain,Discovered,Potential Health Tech
https://24medicine.dk,Generated Domain,Discovered,Potential Health Tech
https://themed.de,Generated Domain,Discovered,Potential Health Tech
https://medicineservice.co.uk,Generated Domain,Discovered,Potential Health Tech
https://clinic-systems.fr,Generated Domain,Discovered,Potential Health Tech
https://icare.dk,Generated Domain,Discovered,Potential Health Tech
https://visioncheckout.com/,User Hardcoded,Discovered,Verified Health Tech
https://thedoctor.it,Generated Domain,Discovered,Potential Health Tech
https://theclinic.de,Generated Domain,Discovered,Potential Health Tech
https://technologyhealth.ch,Generated Domain,Discovered,Potential Health Tech
https://healthcareservice.co.uk,Generated Domain,Discovered,Potential Health Tech
https://servicesdoc.com,Generated Domain,Discovered,Potential Health Tech
https://www.bayer.com,Major Companies,Discovered,Established Health/Pharma
https://www.ada.com,German Health Tech,Discovered,German Health Tech
https://www.lloyds.it,European Health Tech,Discovered,European Health Tech
https://systemsmedic.se,Generated Domain,Discovered,Potential Health Tech
https://medtech.com,Generated Domain,Discovered,Potential Health Tech
https://mymedical.co.uk,Generated Domain,Discovered,Potential Health Tech
https://www.blackford.ai,German Health Tech,Discovered,German Health Tech
https://themed.co.uk,Generated Domain,Discovered,Potential Health Tech
https://docapp.com,Generated Domain,Discovered,Potential Health Tech
https://getclinic.at,Generated Domain,Discovered,Potential Health Tech
https://mymed.co.uk,Generated Domain,Discovered,Potential Health Tech
https://fyzo.de/assistant/,User Hardcoded,Discovered,Verified Health Tech
https://www.help-app.de/,User Hardcoded,Discovered,Verified Health Tech
https://www.aliva.de,German Health Tech,Discovered,German Health Tech
https://godoc.se,Generated Domain,Discovered,Potential Health Tech
https://platformhospital.at,Generated Domain,Discovered,Potential Health Tech
https://ihealth.co.uk,Generated Domain,Discovered,Potential Health Tech
https://www.mint-medical.com,German Health Tech,Discovered,German Health Tech
https://www.kaia-health.com,German Health Tech,Discovered,German Health Tech
https://hospitalservice.uk,Generated Domain,Discovered,Potential Health Tech
https://servicesdoctor.fr,Generated Domain,Discovered,Potential Health Tech
https://www.css.ch,European Health Tech,Discovered,European Health Tech
https://solutionsdoctor.fr,Generated Domain,Discovered,Potential Health Tech
https://www.gsk.com,European Health Tech,Discovered,European Health Tech
https://medictechnology.de,Generated Domain,Discovered,Potential Health Tech
https://physicianservice.de,Generated Domain,Discovered,Potential Health Tech
https://www.doktor.se,European Health Tech,Discovered,European Health Tech
https://www.leo-pharma.com,European Health Tech,Discovered,European Health Tech
https://careservice.uk,Generated Domain,Discovered,Potential Health Tech
https://www.zavamed.com,German Health Tech,Discovered,German Health Tech
https://healthcaretech.de,Generated Domain,Discovered,Potential Health Tech
https://www.esteve.com,European Health Tech,Discovered,European Health Tech
https://healthsolutions.nl,Generated Domain,Discovered,Potential Health Tech
https://gocare.be,Generated Domain,Discovered,Potential Health Tech
https://solutionsclinic.co.uk,Generated Domain,Discovered,Potential Health Tech
https://techpatient.fr,Generated Domain,Discovered,Potential Health Tech
https://doc-tech.uk,Generated Domain,Discovered,Potential Health Tech
https://www.vardguiden.se,European Health Tech,Discovered,European Health Tech
https://patientservices.ch,Generated Domain,Discovered,Potential Health Tech
https://therapyservice.de,Generated Domain,Discovered,Potential Health Tech
https://medicine-services.it,Generated Domain,Discovered,Potential Health Tech
https://medicalsolutions.fr,Generated Domain,Discovered,Potential Health Tech
https://www.argenx.com,European Health Tech,Discovered,European Health Tech
https://hospitalservices.uk,Generated Domain,Discovered,Potential Health Tech
https://www.fidia.it,European Health Tech,Discovered,European Health Tech
https://medictech.it,Generated Domain,Discovered,Potential Health Tech
https://solutionshealth.uk,Generated Domain,Discovered,Potential Health Tech
https://techtreatment.co.uk,Generated Domain,Discovered,Potential Health Tech
https://www.kbv.de,German Health Tech,Discovered,German Health Tech
https://www.newsenselab.com,German Health Tech,Discovered,German Health Tech
https://www.sundhedsstyrelsen.dk,European Health Tech,Discovered,European Health Tech
https://www.mindpeak.ai,German Health Tech,Discovered,German Health Tech
https://servicemedicine.uk,Generated Domain,Discovered,Potential Health Tech
https://therapytech.ch,Generated Domain,Discovered,Potential Health Tech
https://serviceshealthcare.com,Generated Domain,Discovered,Potential Health Tech
https://www.cellavision.se,European Health Tech,Discovered,European Health Tech
https://healthcare-tech.nl,Generated Domain,Discovered,Potential Health Tech
https://www.promofarma.com,European Health Tech,Discovered,European Health Tech
https://www.health.fgov.be,European Health Tech,Discovered,European Health Tech
https://physician-solutions.ch,Generated Domain,Discovered,Potential Health Tech
https://med-systems.co.uk,Generated Domain,Discovered,Potential Health Tech
https://de.caona.eu/,User Hardcoded,Discovered,Verified Health Tech
https://thephysician.de,Generated Domain,Discovered,Potential Health Tech
https://ehealth.de,Generated Domain,Discovered,Potential Health Tech
https://www.zorgdomein.com,European Health Tech,Discovered,European Health Tech
https://medicinesolutions.nl,Generated Domain,Discovered,Potential Health Tech
https://physician-tech.uk,Generated Domain,Discovered,Potential Health Tech
https://www.hellobetter.de,German Health Tech,Discovered,German Health Tech
https://clinic-services.dk,Generated Domain,Discovered,Potential Health Tech
https://therapysolutions.nl,Generated Domain,Discovered,Potential Health Tech
https://treatment-services.se,Generated Domain,Discovered,Potential Health Tech
https://mydoctor.com,Generated Domain,Discovered,Potential Health Tech
https://thehealth.co.uk,Generated Domain,Discovered,Potential Health Tech
https://appmedical.com,Generated Domain,Discovered,Potential Health Tech
https://24care.co.uk,Generated Domain,Discovered,Potential Health Tech
https://hospitalsolutions.be,Generated Domain,Discovered,Potential Health Tech
https://therapysolutions.ch,Generated Domain,Discovered,Potential Health Tech
https://techtherapy.fr,Generated Domain,Discovered,Potential Health Tech
https://www.straumann.com,European Health Tech,Discovered,European Health Tech
https://www.hookipa.com,European Health Tech,Discovered,European Health Tech
https://www.newside.it,European Health Tech,Discovered,European Health Tech
https://www.farmacia24.es,European Health Tech,Discovered,European Health Tech
https://www.phenex-pharma.com,German Health Tech,Discovered,German Health Tech
https://www.apotek.se,European Health Tech,Discovered,European Health Tech
https://24health.ch,Generated Domain,Discovered,Potential Health Tech
https://eclinic.dk,Generated Domain,Discovered,Potential Health Tech
https://therapy-tech.fr,Generated Domain,Discovered,Potential Health Tech
https://healthcare-systems.at,Generated Domain,Discovered,Potential Health Tech
https://www.guidecare.de/,User Hardcoded,Discovered,Verified Health Tech
https://hospital-app.ch,Generated Domain,Discovered,Potential Health Tech
https://therapysystems.be,Generated Domain,Discovered,Potential Health Tech
https://www.doctorly.de,German Health Tech,Discovered,German Health Tech
https://www.arztlena.com/,User Hardcoded,Discovered,Verified Health Tech
https://medical-tech.nl,Generated Domain,Discovered,Potential Health Tech
https://www.medadom.com,European Health Tech,Discovered,European Health Tech
https://www.ambu.com,European Health Tech,Discovered,European Health Tech
https://hospital-systems.com,Generated Domain,Discovered,Potential Health Tech
https://patienttechnology.dk,Generated Domain,Discovered,Potential Health Tech
https://www.innogenetics.com,European Health Tech,Discovered,European Health Tech
https://clinicservices.at,Generated Domain,Discovered,Potential Health Tech
https://www.amicafarmacia.com,European Health Tech,Discovered,European Health Tech
https://www.laeger.dk,European Health Tech,Discovered,European Health Tech
https://www.motognosis.com,German Health Tech,Discovered,German Health Tech
https://www.draeger.com,German Health Tech,Discovered,German Health Tech
https://clinicplatform.it,Generated Domain,Discovered,Potential Health Tech
https://physiciansolutions.se,Generated Domain,Discovered,Potential Health Tech
https://www.siegfried.ch,European Health Tech,Discovered,European Health Tech
https://healthcaretechnology.at,Generated Domain,Discovered,Potential Health Tech
https://docsystems.be,Generated Domain,Discovered,Potential Health Tech
https://treatmentapp.se,Generated Domain,Discovered,Potential Health Tech
https://www.careanimations.de/,User Hardcoded,Discovered,Verified Health Tech
https://www.benevolent.ai,Unicorns/Scale-ups,Discovered,High-Value Health Tech
https://techmed.ch,Generated Domain,Discovered,Potential Health Tech
https://solutionsmedicine.se,Generated Domain,Discovered,Potential Health Tech
https://www.thryve.health,German Health Tech,Discovered,German Health Tech
https://med-platform.fr,Generated Domain,Discovered,Potential Health Tech
https://www.ipsen.com,European Health Tech,Discovered,European Health Tech
https://clinicsolutions.co.uk,Generated Domain,Discovered,Potential Health Tech
https://doctorservices.be,Generated Domain,Discovered,Potential Health Tech
https://caretech.co.uk,Generated Domain,Discovered,Potential Health Tech
https://appdoc.fr,Generated Domain,Discovered,Potential Health Tech
https://www.kry.se,European Health Tech,Discovered,European Health Tech
https://health-app.fr,Generated Domain,Discovered,Potential Health Tech
https://servicespatient.fr,Generated Domain,Discovered,Potential Health Tech
https://itreatment.nl,Generated Domain,Discovered,Potential Health Tech
https://medicaltech.se,Generated Domain,Discovered,Potential Health Tech
https://godoctor.se,Generated Domain,Discovered,Potential Health Tech
https://medapp.uk,Generated Domain,Discovered,Potential Health Tech
https://servicehospital.de,Generated Domain,Discovered,Potential Health Tech
https://www.mondocteur.fr,European Health Tech,Discovered,European Health Tech
https://medical-tech.uk,Generated Domain,Discovered,Potential Health Tech
https://techclinic.ch,Generated Domain,Discovered,Potential Health Tech
https://healthcaresystems.be,Generated Domain,Discovered,Potential Health Tech
https://treatment-platform.dk,Generated Domain,Discovered,Potential Health Tech
https://physicianplatform.ch,Generated Domain,Discovered,Potential Health Tech
https://platformpatient.fr,Generated Domain,Discovered,Potential Health Tech
https://www.cynteract.com/de/rehabilitation,User Hardcoded,Discovered,Verified Health Tech
https://physician-platform.dk,Generated Domain,Discovered,Potential Health Tech
https://www.hellocare.com,European Health Tech,Discovered,European Health Tech
https://docsystems.uk,Generated Domain,Discovered,Potential Health Tech
https://medicine-services.uk,Generated Domain,Discovered,Potential Health Tech
https://www.charite.de,German Health Tech,Discovered,German Health Tech
https://therapytechnology.fr,Generated Domain,Discovered,Potential Health Tech
https://therapyservice.nl,Generated Domain,Discovered,Potential Health Tech
https://www.nice.org.uk,European Health Tech,Discovered,European Health Tech
https://www.ottobock.com,German Health Tech,Discovered,German Health Tech
https://www.patient.co.uk,European Health Tech,Discovered,European Health Tech
https://www.almirall.com,European Health Tech,Discovered,European Health Tech
https://platformdoc.com,Generated Domain,Discovered,Potential Health Tech
https://ehealth.nl,Generated Domain,Discovered,Potential Health Tech
https://care-service.co.uk,Generated Domain,Discovered,Potential Health Tech
https://docsolutions.se,Generated Domain,Discovered,Potential Health Tech
https://systemsdoctor.se,Generated Domain,Discovered,Potential Health Tech
https://www.biocartis.com,European Health Tech,Discovered,European Health Tech
https://healthcareservices.nl,Generated Domain,Discovered,Potential Health Tech
https://healthservice.de,Generated Domain,Discovered,Potential Health Tech
https://serviceclinic.be,Generated Domain,Discovered,Potential Health Tech
https://www.versandapo.de,German Health Tech,Discovered,German Health Tech
https://medicservice.dk,Generated Domain,Discovered,Potential Health Tech
https://medicinetech.fr,Generated Domain,Discovered,Potential Health Tech
https://medplatform.co.uk,Generated Domain,Discovered,Potential Health Tech
https://medicinesolutions.dk,Generated Domain,Discovered,Potential Health Tech
https://platformhealth.it,Generated Domain,Discovered,Potential Health Tech
https://www.ascenion.de,German Health Tech,Discovered,German Health Tech
https://med-tech.de,Generated Domain,Discovered,Potential Health Tech
https://systemsmed.com,Generated Domain,Discovered,Potential Health Tech
https://www.actimi.com,User Hardcoded,Discovered,Verified Health Tech
https://www.cun.es,European Health Tech,Discovered,European Health Tech
https://health-services.se,Generated Domain,Discovered,Potential Health Tech
https://techdoc.ch,Generated Domain,Discovered,Potential Health Tech
https://www.mapfre.es,European Health Tech,Discovered,European Health Tech
https://www.maiia.com,European Health Tech,Discovered,European Health Tech
https://med-systems.com,Generated Domain,Discovered,Potential Health Tech
https://www.teva.com,Major Companies,Discovered,Established Health/Pharma
https://medicsystems.at,Generated Domain,Discovered,Potential Health Tech
https://solutionsdoctor.de,Generated Domain,Discovered,Potential Health Tech
https://servicehealthcare.it,Generated Domain,Discovered,Potential Health Tech
https://www.angelini.it,European Health Tech,Discovered,European Health Tech
https://technologyhealthcare.dk,Generated Domain,Discovered,Potential Health Tech
https://servicesdoctor.ch,Generated Domain,Discovered,Potential Health Tech
https://docapp.dk,Generated Domain,Discovered,Potential Health Tech
https://myphysician.uk,Generated Domain,Discovered,Potential Health Tech
https://technologydoc.de,Generated Domain,Discovered,Potential Health Tech
https://www.glaice.de/,User Hardcoded,Discovered,Verified Health Tech
https://ihospital.fr,Generated Domain,Discovered,Potential Health Tech
https://docservices.nl,Generated Domain,Discovered,Potential Health Tech
https://health-systems.be,Generated Domain,Discovered,Potential Health Tech
https://care-technology.co.uk,Generated Domain,Discovered,Potential Health Tech
https://www.thrombogenics.com,European Health Tech,Discovered,European Health Tech
https://www.sobi.com,European Health Tech,Discovered,European Health Tech
https://docsystems.dk,Generated Domain,Discovered,Potential Health Tech
https://health-solutions.dk,Generated Domain,Discovered,Potential Health Tech
https://ipatient.nl,Generated Domain,Discovered,Potential Health Tech
https://care-app.dk,Generated Domain,Discovered,Potential Health Tech
https://gohospital.dk,Generated Domain,Discovered,Potential Health Tech
https://healthcaretech.fr,Generated Domain,Discovered,Potential Health Tech
https://www.comparis.ch,European Health Tech,Discovered,European Health Tech
https://medicservices.at,Generated Domain,Discovered,Potential Health Tech
https://patientplatform.nl,Generated Domain,Discovered,Potential Health Tech
https://www.fitwhit.de,User Hardcoded,Discovered,Verified Health Tech
https://med-solutions.com,Generated Domain,Discovered,Potential Health Tech
https://physician-systems.at,Generated Domain,Discovered,Potential Health Tech
https://www.ferrer.com,European Health Tech,Discovered,European Health Tech
https://thephysician.be,Generated Domain,Discovered,Potential Health Tech
https://doctortechnology.uk,Generated Domain,Discovered,Potential Health Tech
https://clinictech.co.uk,Generated Domain,Discovered,Potential Health Tech
https://therapy-tech.be,Generated Domain,Discovered,Potential Health Tech
https://techhospital.fr,Generated Domain,Discovered,Potential Health Tech
https://medicalservices.de,Generated Domain,Discovered,Potential Health Tech
https://care-solutions.at,Generated Domain,Discovered,Potential Health Tech
https://www.rki.de,German Health Tech,Discovered,German Health Tech
https://www.mithra.com,European Health Tech,Discovered,European Health Tech
https://gettreatment.at,Generated Domain,Discovered,Potential Health Tech
https://www.coloplast.com,European Health Tech,Discovered,European Health Tech
https://www.min-laege.dk,European Health Tech,Discovered,European Health Tech
https://ehealth.fr,Generated Domain,Discovered,Potential Health Tech
https://careservice.be,Generated Domain,Discovered,Potential Health Tech
https://technologyhealth.se,Generated Domain,Discovered,Potential Health Tech
https://www.kranushealth.com/de/therapien/inkontinenz,User Hardcoded,Discovered,Verified Health Tech
https://platformmedical.se,Generated Domain,Discovered,Potential Health Tech
https://www.medatixx.de,German Health Tech,Discovered,German Health Tech
https://patientservice.fr,Generated Domain,Discovered,Potential Health Tech
https://www.deepmentation.ai/,User Hardcoded,Discovered,Verified Health Tech
https://serviceclinic.fr,Generated Domain,Discovered,Potential Health Tech
https://servicesmedicine.co.uk,Generated Domain,Discovered,Potential Health Tech
https://www.felmo.de,German Health Tech,Discovered,German Health Tech
https://apphospital.it,Generated Domain,Discovered,Potential Health Tech
https://www.cliniserve.de/,User Hardcoded,Discovered,Verified Health Tech
https://med-systems.fr,Generated Domain,Discovered,Potential Health Tech
https://www.faes.es,European Health Tech,Discovered,European Health Tech
https://icare.de,Generated Domain,Discovered,Potential Health Tech
https://www.3shape.com,European Health Tech,Discovered,European Health Tech
https://www.mediteo.com,German Health Tech,Discovered,German Health Tech
https://www.dpv-analytics.com/,User Hardcoded,Discovered,Verified Health Tech
https://www.radiometer.com,European Health Tech,Discovered,European Health Tech
https://gotherapy.com,Generated Domain,Discovered,Potential Health Tech
https://medical-solutions.uk,Generated Domain,Discovered,Potential Health Tech
https://hospitaltechnology.fr,Generated Domain,Discovered,Potential Health Tech
https://thepatient.ch,Generated Domain,Discovered,Potential Health Tech
https://gomedicine.ch,Generated Domain,Discovered,Potential Health Tech
https://www.siemens-healthineers.com,German Health Tech,Discovered,German Health Tech
https://24medicine.de,Generated Domain,Discovered,Potential Health Tech
https://doctorservice.de,Generated Domain,Discovered,Potential Health Tech
https://careservices.it,Generated Domain,Discovered,Potential Health Tech
https://www.selfapy.de,German Health Tech,Discovered,German Health Tech
http://dopavision.com/,User Hardcoded,Discovered,Verified Health Tech
https://www.cerascreen.de,German Health Tech,Discovered,German Health Tech
https://www.chipsoft.com,European Health Tech,Discovered,European Health Tech
https://hospital-technology.nl,Generated Domain,Discovered,Potential Health Tech
https://systemsclinic.ch,Generated Domain,Discovered,Potential Health Tech
https://www.biomerieux.com,European Health Tech,Discovered,European Health Tech
https://appdoctor.com,Generated Domain,Discovered,Potential Health Tech
https://idoctor.nl,Generated Domain,Discovered,Potential Health Tech
https://solutionstherapy.dk,Generated Domain,Discovered,Potential Health Tech
https://www.tutech.de,German Health Tech,Discovered,German Health Tech
https://serviceshealth.be,Generated Domain,Discovered,Potential Health Tech
https://techmed.de,Generated Domain,Discovered,Potential Health Tech
https://www.biosynex.com,European Health Tech,Discovered,European Health Tech
https://www.suppremol.com,German Health Tech,Discovered,German Health Tech
https://www.arriver.com,German Health Tech,Discovered,German Health Tech
https://servicesdoctor.uk,Generated Domain,Discovered,Potential Health Tech
https://hospital-solutions.it,Generated Domain,Discovered,Potential Health Tech
https://mytherapy.dk,Generated Domain,Discovered,Potential Health Tech
https://www.docfinder.at,European Health Tech,Discovered,European Health Tech
https://servicescare.de,Generated Domain,Discovered,Potential Health Tech
https://technologymedic.be,Generated Domain,Discovered,Potential Health Tech
https://doc-solutions.co.uk,Generated Domain,Discovered,Potential Health Tech
https://www.ferring.com,European Health Tech,Discovered,European Health Tech
https://docapp.ch,Generated Domain,Discovered,Potential Health Tech
https://mypatient.co.uk,Generated Domain,Discovered,Potential Health Tech
https://healthcaretechnology.uk,Generated Domain,Discovered,Potential Health Tech
https://www.newpharma.nl,European Health Tech,Discovered,European Health Tech
https://thecare.be,Generated Domain,Discovered,Potential Health Tech
https://technologyclinic.be,Generated Domain,Discovered,Potential Health Tech
https://medtechnology.it,Generated Domain,Discovered,Potential Health Tech
https://medicinetechnology.de,Generated Domain,Discovered,Potential Health Tech
https://doctech.co.uk,Generated Domain,Discovered,Potential Health Tech
https://technologymed.dk,Generated Domain,Discovered,Potential Health Tech
https://www.rockethealth.com,German Health Tech,Discovered,German Health Tech
https://www.nanoscale.de,German Health Tech,Discovered,German Health Tech
https://www.promethera.com,European Health Tech,Discovered,European Health Tech
https://treatment-systems.se,Generated Domain,Discovered,Potential Health Tech
https://thephysician.se,Generated Domain,Discovered,Potential Health Tech
https://careplatform.dk,Generated Domain,Discovered,Potential Health Tech
https://medicapp.ch,Generated Domain,Discovered,Potential Health Tech
https://www.broca.io,German Health Tech,Discovered,German Health Tech
https://medicalservice.uk,Generated Domain,Discovered,Potential Health Tech
https://systemspatient.ch,Generated Domain,Discovered,Potential Health Tech
https://gethospital.dk,Generated Domain,Discovered,Potential Health Tech
https://servicemedical.ch,Generated Domain,Discovered,Potential Health Tech
https://hospitalsystems.nl,Generated Domain,Discovered,Potential Health Tech
https://www.zilveren-kruis.nl,European Health Tech,Discovered,European Health Tech
https://www.derma2go.com/,User Hardcoded,Discovered,Verified Health Tech
https://physiciantech.dk,Generated Domain,Discovered,Potential Health Tech
https://medicservice.com,Generated Domain,Discovered,Potential Health Tech
https://www.miodottore.it,European Health Tech,Discovered,European Health Tech
https://imed.at,Generated Domain,Discovered,Potential Health Tech
https://systemshospital.dk,Generated Domain,Discovered,Potential Health Tech
https://solutionsmedical.de,Generated Domain,Discovered,Potential Health Tech
https://technologytreatment.co.uk,Generated Domain,Discovered,Potential Health Tech
https://www.uzleuven.be,European Health Tech,Discovered,European Health Tech
https://edoc.fr,Generated Domain,Discovered,Potential Health Tech
https://www.uk-erlangen.de,German Health Tech,Discovered,German Health Tech
https://www.ypsomed.com,European Health Tech,Discovered,European Health Tech
https://www.superdrug.com,European Health Tech,Discovered,European Health Tech
https://www.apotheker.at,European Health Tech,Discovered,European Health Tech
https://www.philips.com,European Health Tech,Discovered,European Health Tech
https://www.gesundheit.gv.at,European Health Tech,Discovered,European Health Tech
https://www.aidpath.com,German Health Tech,Discovered,German Health Tech
https://www.pharmamar.com,European Health Tech,Discovered,European Health Tech
https://hospitalservices.at,Generated Domain,Discovered,Potential Health Tech
https://www.merckgroup.com,German Health Tech,Discovered,German Health Tech
https://servicesmed.com,Generated Domain,Discovered,Potential Health Tech
https://www.oxurion.com,European Health Tech,Discovered,European Health Tech
https://solutionshealthcare.se,Generated Domain,Discovered,Potential Health Tech
https://www.dokteronline.com,European Health Tech,Discovered,European Health Tech
https://hospitalsolutions.nl,Generated Domain,Discovered,Potential Health Tech
https://hospital-services.co.uk,Generated Domain,Discovered,Potential Health Tech
https://www.kl.dk,European Health Tech,Discovered,European Health Tech
https://treatmentsystems.fr,Generated Domain,Discovered,Potential Health Tech
https://www.auta.health/,User Hardcoded,Discovered,Verified Health Tech
https://www.medaviz.com,European Health Tech,Discovered,European Health Tech
https://gettherapy.be,Generated Domain,Discovered,Potential Health Tech
https://www.minimed.at,European Health Tech,Discovered,European Health Tech
https://www.paginemediche.it,European Health Tech,Discovered,European Health Tech
https://ephysician.uk,Generated Domain,Discovered,Potential Health Tech
https://www.helsana.ch,European Health Tech,Discovered,European Health Tech
https://medicine-tech.com,Generated Domain,Discovered,Potential Health Tech
https://servicecare.de,Generated Domain,Discovered,Potential Health Tech
https://ephysician.be,Generated Domain,Discovered,Potential Health Tech
https://www.tum.de,German Health Tech,Discovered,German Health Tech
https://solutionshospital.se,Generated Domain,Discovered,Potential Health Tech
https://ihealth.dk,Generated Domain,Discovered,Potential Health Tech
https://www.accurx.com,European Health Tech,Discovered,European Health Tech
https://hospital-app.co.uk,Generated Domain,Discovered,Potential Health Tech
https://www.gesund.at,European Health Tech,Discovered,European Health Tech
https://solutionsmedicine.nl,Generated Domain,Discovered,Potential Health Tech
https://www.healx.io,European Health Tech,Discovered,European Health Tech
https://thedoctor.fr,Generated Domain,Discovered,Potential Health Tech
https://www.babylon.health,European Health Tech,Discovered,European Health Tech
https://healthtech.it,Generated Domain,Discovered,Potential Health Tech
https://www.topmedicos.es,European Health Tech,Discovered,European Health Tech
https://medsolutions.nl,Generated Domain,Discovered,Potential Health Tech
https://thecare.dk,Generated Domain,Discovered,Potential Health Tech
https://systemsmedic.be,Generated Domain,Discovered,Potential Health Tech
https://www.alfasigma.com,European Health Tech,Discovered,European Health Tech
https://www.1177.se,European Health Tech,Discovered,European Health Tech
https://healthcaresystems.ch,Generated Domain,Discovered,Potential Health Tech
https://24physician.se,Generated Domain,Discovered,Potential Health Tech
https://www.empident.de/,User Hardcoded,Discovered,Verified Health Tech
https://techmed.se,Generated Domain,Discovered,Potential Health Tech
https://medic-systems.nl,Generated Domain,Discovered,Potential Health Tech
https://docservices.de,Generated Domain,Discovered,Potential Health Tech
https://www.nhs.uk,European Health Tech,Discovered,European Health Tech
https://sfs-healthcare.com,User Hardcoded,Discovered,Verified Health Tech
https://technologyphysician.ch,Generated Domain,Discovered,Potential Health Tech
https://therapy-app.uk,Generated Domain,Discovered,Potential Health Tech
https://curecurve.de/elina-app/,User Hardcoded,Discovered,Verified Health Tech
https://techmedic.be,Generated Domain,Discovered,Potential Health Tech
https://systemshealth.com,Generated Domain,Discovered,Potential Health Tech
https://www.aesculap.com,German Health Tech,Discovered,German Health Tech
https://techhealthcare.co.uk,Generated Domain,Discovered,Potential Health Tech
https://clinicplatform.se,Generated Domain,Discovered,Potential Health Tech
https://www.healthbank.coop,European Health Tech,Discovered,European Health Tech
https://www.fosanis.com,German Health Tech,Discovered,German Health Tech
https://www.onlinearts.nl,European Health Tech,Discovered,European Health Tech
https://www.addiction-medicine.se,European Health Tech,Discovered,European Health Tech
https://doctortechnology.nl,Generated Domain,Discovered,Potential Health Tech
https://www.emmora.de,User Hardcoded,Discovered,Verified Health Tech
https://www.apoteket.se,European Health Tech,Discovered,European Health Tech
https://physiciantech.se,Generated Domain,Discovered,Potential Health Tech
https://health-tech.de,Generated Domain,Discovered,Potential Health Tech
https://www.careship.de,German Health Tech,Discovered,German Health Tech
https://cogthera.de/#erfahren,User Hardcoded,Discovered,Verified Health Tech
https://www.uksh.de,German Health Tech,Discovered,German Health Tech
https://patient-service.co.uk,Generated Domain,Discovered,Potential Health Tech
https://platformmedic.de,Generated Domain,Discovered,Potential Health Tech
https://www.climedo.de/,User Hardcoded,Discovered,Verified Health Tech
https://www.shire.com,European Health Tech,Discovered,European Health Tech
https://24hospital.dk,Generated Domain,Discovered,Potential Health Tech
https://patient-tech.fr,Generated Domain,Discovered,Potential Health Tech
https://www.rwth-aachen.de,German Health Tech,Discovered,German Health Tech
https://www.consultationmedicale.fr,European Health Tech,Discovered,European Health Tech
https://www.infomedics.com,European Health Tech,Discovered,European Health Tech
https://technologymed.uk,Generated Domain,Discovered,Potential Health Tech
https://www.medpex.de,German Health Tech,Discovered,German Health Tech
https://apptreatment.it,Generated Domain,Discovered,Potential Health Tech
https://www.tk.de,German Health Tech,Discovered,German Health Tech
https://24medic.it,Generated Domain,Discovered,Potential Health Tech
https://www.apoteket.dk,European Health Tech,Discovered,European Health Tech
https://www.affiris.com,European Health Tech,Discovered,European Health Tech
https://edoc.ch,Generated Domain,Discovered,Potential Health Tech
https://www.medizin-transparent.at,European Health Tech,Discovered,European Health Tech
https://doctorsolutions.fr,Generated Domain,Discovered,Potential Health Tech
https://www.gematik.de,German Health Tech,Discovered,German Health Tech
https://www.netdoktor.se,European Health Tech,Discovered,European Health Tech
https://treatmentservices.dk,Generated Domain,Discovered,Potential Health Tech
https://www.fraunhofer-venture.de,German Health Tech,Discovered,German Health Tech
https://health-technology.com,Generated Domain,Discovered,Potential Health Tech
https://servicedoctor.de,Generated Domain,Discovered,Potential Health Tech
https://www.novartis.com,European Health Tech,Discovered,European Health Tech
https://www.max-planck-innovation.de,German Health Tech,Discovered,German Health Tech
https://www.thuisarts.nl,European Health Tech,Discovered,European Health Tech
https://www.lloydsapotek.se,European Health Tech,Discovered,European Health Tech
https://clinictech.dk,Generated Domain,Discovered,Potential Health Tech
https://patient-app.it,Generated Domain,Discovered,Potential Health Tech
https://home.informme.info/,User Hardcoded,Discovered,Verified Health Tech
https://systemstherapy.se,Generated Domain,Discovered,Potential Health Tech
https://imedic.ch,Generated Domain,Discovered,Potential Health Tech
https://medicaltech.ch,Generated Domain,Discovered,Potential Health Tech
https://solutionscare.be,Generated Domain,Discovered,Potential Health Tech
https://www.caresyntax.com,German Health Tech,Discovered,German Health Tech
https://healthcaresystems.dk,Generated Domain,Discovered,Potential Health Tech
https://www.uzbrussel.be,European Health Tech,Discovered,European Health Tech
https://www.lonza.com,European Health Tech,Discovered,European Health Tech
https://servicetherapy.uk,Generated Domain,Discovered,Potential Health Tech
https://servicesmedicine.dk,Generated Domain,Discovered,Potential Health Tech
https://www.doctoralia.es,European Health Tech,Discovered,European Health Tech
https://iclinic.be,Generated Domain,Discovered,Potential Health Tech
https://patient-app.nl,Generated Domain,Discovered,Potential Health Tech
https://clinictech.fr,Generated Domain,Discovered,Potential Health Tech
https://www.lundbeck.com,European Health Tech,Discovered,European Health Tech
https://www.themis.com,European Health Tech,Discovered,European Health Tech
https://health-technology.fr,Generated Domain,Discovered,Potential Health Tech
https://www.helmholtz-enterprise.de,German Health Tech,Discovered,German Health Tech
https://www.kuleuven.be,European Health Tech,Discovered,European Health Tech
https://www.teleclinic.com,German Health Tech,Discovered,German Health Tech
https://elixionmedical.com/,User Hardcoded,Discovered,Verified Health Tech
https://technologytreatment.nl,Generated Domain,Discovered,Potential Health Tech
https://www.tuotromedico.com,European Health Tech,Discovered,European Health Tech
https://platformphysician.be,Generated Domain,Discovered,Potential Health Tech
https://www.gesund.de/app,User Hardcoded,Discovered,Verified Health Tech
https://www.menarini.com,European Health Tech,Discovered,European Health Tech
https://www.oncgnostics.com,German Health Tech,Discovered,German Health Tech
https://www.heartkinetics.com,German Health Tech,Discovered,German Health Tech
https://medicine-service.uk,Generated Domain,Discovered,Potential Health Tech
https://doctortech.dk,Generated Domain,Discovered,Potential Health Tech
https://www.mycare.de,German Health Tech,Discovered,German Health Tech
https://solutionsmedical.co.uk,Generated Domain,Discovered,Potential Health Tech
https://edoc.co.uk,Generated Domain,Discovered,Potential Health Tech
https://www.kry.com,Unicorns/Scale-ups,Discovered,High-Value Health Tech
https://servicedoc.it,Generated Domain,Discovered,Potential Health Tech
https://systemshospital.de,Generated Domain,Discovered,Potential Health Tech
https://technologydoc.nl,Generated Domain,Discovered,Potential Health Tech
https://med-systems.ch,Generated Domain,Discovered,Potential Health Tech
https://treatmentplatform.nl,Generated Domain,Discovered,Potential Health Tech
https://doctechnology.dk,Generated Domain,Discovered,Potential Health Tech
https://www.qiagen.com,German Health Tech,Discovered,German Health Tech
https://www.ziekenhuis.be,European Health Tech,Discovered,European Health Tech
https://www.astrazeneca.com,European Health Tech,Discovered,European Health Tech
https://servicehealthcare.at,Generated Domain,Discovered,Potential Health Tech
https://careservices.dk,Generated Domain,Discovered,Potential Health Tech
https://www.epd-zorg.nl,European Health Tech,Discovered,European Health Tech
https://www.mölnlycke.se,European Health Tech,Discovered,European Health Tech
https://themedicine.uk,Generated Domain,Discovered,Potential Health Tech
https://technologyhospital.dk,Generated Domain,Discovered,Potential Health Tech
https://patient-systems.de,Generated Domain,Discovered,Potential Health Tech
https://www.aponeo.de,German Health Tech,Discovered,German Health Tech
https://www.bone-therapeutics.com,European Health Tech,Discovered,European Health Tech
https://www.diasorin.com,European Health Tech,Discovered,European Health Tech
https://goclinic.ch,Generated Domain,Discovered,Potential Health Tech
https://getdoctor.com,Generated Domain,Discovered,Potential Health Tech
https://clinictechnology.fr,Generated Domain,Discovered,Potential Health Tech
https://www.aok.de,German Health Tech,Discovered,German Health Tech
https://getphysician.nl,Generated Domain,Discovered,Potential Health Tech
https://treatmentservices.nl,Generated Domain,Discovered,Potential Health Tech
https://www.pfotendoctor.de,German Health Tech,Discovered,German Health Tech
https://physician-tech.se,Generated Domain,Discovered,Potential Health Tech
https://www.dentsplysirona.com,German Health Tech,Discovered,German Health Tech
https://www.mologen.com,German Health Tech,Discovered,German Health Tech
https://www.push.doctor,European Health Tech,Discovered,European Health Tech
https://medic-service.at,Generated Domain,Discovered,Potential Health Tech
https://systemshealth.uk,Generated Domain,Discovered,Potential Health Tech
https://medical-services.se,Generated Domain,Discovered,Potential Health Tech
https://www.novozymes.com,European Health Tech,Discovered,European Health Tech
https://www.apeiron-biologics.com,European Health Tech,Discovered,European Health Tech
https://www.cardialysis.com,European Health Tech,Discovered,European Health Tech
https://healthtechnology.se,Generated Domain,Discovered,Potential Health Tech
https://www.vidal.fr,European Health Tech,Discovered,European Health Tech
https://appmedical.dk,Generated Domain,Discovered,Potential Health Tech
https://www.lindera.de,German Health Tech,Discovered,German Health Tech
https://therapy-platform.co.uk,Generated Domain,Discovered,Potential Health Tech
https://www.biotx.ai/,User Hardcoded,Discovered,Verified Health Tech
https://www.ada-health.com,German Health Tech,Discovered,German Health Tech
https://www.onedoc.ch,European Health Tech,Discovered,European Health Tech
https://health-systems.it,Generated Domain,Discovered,Potential Health Tech
https://www.actelion.com,European Health Tech,Discovered,European Health Tech
https://techhealthcare.com,Generated Domain,Discovered,Potential Health Tech
https://www.bodfeld-apotheke.de,German Health Tech,Discovered,German Health Tech
https://www.alfa-ai.com,User Hardcoded,Discovered,Verified Health Tech
https://www.biotest.com,German Health Tech,Discovered,German Health Tech
https://www.avimedical.com/avi-impact,User Hardcoded,Discovered,Verified Health Tech
https://www.webdoc.at,European Health Tech,Discovered,European Health Tech
https://www.gambro.com,European Health Tech,Discovered,European Health Tech
https://www.roche.com,European Health Tech,Discovered,European Health Tech
https://bellehealth.co/de/,User Hardcoded,Discovered,Verified Health Tech
https://www.vitrolife.com,European Health Tech,Discovered,European Health Tech
https://servicesmedic.se,Generated Domain,Discovered,Potential Health Tech
https://systemshospital.be,Generated Domain,Discovered,Potential Health Tech
https://24treatment.se,Generated Domain,Discovered,Potential Health Tech
https://care-solutions.de,Generated Domain,Discovered,Potential Health Tech
https://www.medlanes.com,German Health Tech,Discovered,German Health Tech
https://www.techniker-krankenkasse.de,German Health Tech,Discovered,German Health Tech
https://www.chiesi.com,European Health Tech,Discovered,European Health Tech
http://www.ecovery.de/,User Hardcoded,Discovered,Verified Health Tech
https://theclinic.it,Generated Domain,Discovered,Potential Health Tech
https://idoc.be,Generated Domain,Discovered,Potential Health Tech
https://www.ucb.com,European Health Tech,Discovered,European Health Tech
https://therapy-systems.it,Generated Domain,Discovered,Potential Health Tech
https://www.intercell.com,European Health Tech,Discovered,European Health Tech
https://healthplatform.co.uk,Generated Domain,Discovered,Potential Health Tech
https://apptherapy.co.uk,Generated Domain,Discovered,Potential Health Tech
https://servicecare.se,Generated Domain,Discovered,Potential Health Tech
https://platformmedic.it,Generated Domain,Discovered,Potential Health Tech
https://www.farmae.it,European Health Tech,Discovered,European Health Tech
https://www.quironsalud.es,European Health Tech,Discovered,European Health Tech
https://careplatform.ch,Generated Domain,Discovered,Potential Health Tech
https://themedical.co.uk,Generated Domain,Discovered,Potential Health Tech
https://www.viomedo.com,German Health Tech,Discovered,German Health Tech
https://www.doctorfmh.ch,European Health Tech,Discovered,European Health Tech
https://mytreatment.de,Generated Domain,Discovered,Potential Health Tech
https://www.uniforschung.de,German Health Tech,Discovered,German Health Tech
https://www.btgplc.com,European Health Tech,Discovered,European Health Tech
https://www.doctorbox.de,German Health Tech,Discovered,German Health Tech
https://gohealthcare.uk,Generated Domain,Discovered,Potential Health Tech
https://www.morphosys.com,German Health Tech,Discovered,German Health Tech
https://www.grifols.com,European Health Tech,Discovered,European Health Tech
https://www.livi.com,Unicorns/Scale-ups,Discovered,High-Value Health Tech
https://www.ottonova.de,German Health Tech,Discovered,German Health Tech
https://techphysician.de,Generated Domain,Discovered,Potential Health Tech
https://www.apodienste.com/,User Hardcoded,Discovered,Verified Health Tech
https://www.doctolib.de,German Health Tech,Discovered,German Health Tech
https://doctor-systems.dk,Generated Domain,Discovered,Potential Health Tech
https://physicianservice.dk,Generated Domain,Discovered,Potential Health Tech
https://www.clue.app,German Health Tech,Discovered,German Health Tech
https://www.synthes.com,European Health Tech,Discovered,European Health Tech
https://appdoc.be,Generated Domain,Discovered,Potential Health Tech
https://www.asml.com,European Health Tech,Discovered,European Health Tech
https://www.ordinationen.at,European Health Tech,Discovered,European Health Tech
https://www.pharmazie.com,European Health Tech,Discovered,European Health Tech
https://www.sundhed.dk,European Health Tech,Discovered,European Health Tech
https://mymedical.at,Generated Domain,Discovered,Potential Health Tech
https://incontalert.de/,User Hardcoded,Discovered,Verified Health Tech
https://technologyhealth.fr,Generated Domain,Discovered,Potential Health Tech
https://www.leuven.be,European Health Tech,Discovered,European Health Tech
https://www.dak.de,German Health Tech,Discovered,German Health Tech
https://care-app.de,Generated Domain,Discovered,Potential Health Tech
https://www.netdoktor.at,European Health Tech,Discovered,European Health Tech
https://www.uniklinikum-jena.de,German Health Tech,Discovered,German Health Tech
https://www.bracco.com,European Health Tech,Discovered,European Health Tech
https://edoctor.be,Generated Domain,Discovered,Potential Health Tech
https://www.medizin.uni-muenchen.de,German Health Tech,Discovered,German Health Tech
https://medicplatform.be,Generated Domain,Discovered,Potential Health Tech
https://physicianplatform.uk,Generated Domain,Discovered,Potential Health Tech
https://www.farmaciasahumada.es,European Health Tech,Discovered,European Health Tech
https://solutionsdoc.at,Generated Domain,Discovered,Potential Health Tech
https://gleea.de/,User Hardcoded,Discovered,Verified Health Tech
https://treatmentplatform.dk,Generated Domain,Discovered,Potential Health Tech
https://www.rovi.es,European Health Tech,Discovered,European Health Tech
https://systemsmed.nl,Generated Domain,Discovered,Potential Health Tech
https://www.lloydspharmacy.com,European Health Tech,Discovered,European Health Tech
https://www.doctolib.com,Unicorns/Scale-ups,Discovered,High-Value Health Tech
https://appdoc.co.uk,Generated Domain,Discovered,Potential Health Tech
https://www.uniklinik-ulm.de,German Health Tech,Discovered,German Health Tech
https://www.pharmasimple.com,European Health Tech,Discovered,European Health Tech
https://www.avayl.tech/,User Hardcoded,Discovered,Verified Health Tech
https://mypatient.uk,Generated Domain,Discovered,Potential Health Tech
https://hospitalsystems.be,Generated Domain,Discovered,Potential Health Tech
https://technologyhospital.it,Generated Domain,Discovered,Potential Health Tech
https://health-tech.com,Generated Domain,Discovered,Potential Health Tech
https://www.tecan.com,European Health Tech,Discovered,European Health Tech
https://theclinic.se,Generated Domain,Discovered,Potential Health Tech
https://ehealthcare.be,Generated Domain,Discovered,Potential Health Tech
https://www.nictiz.nl,European Health Tech,Discovered,European Health Tech
https://www.dosfarma.com,European Health Tech,Discovered,European Health Tech
https://www.technologieallianz.de,German Health Tech,Discovered,German Health Tech
https://patientplatform.se,Generated Domain,Discovered,Potential Health Tech
https://www.farmaciauno.it,European Health Tech,Discovered,European Health Tech
https://doctorsystems.at,Generated Domain,Discovered,Potential Health Tech
https://24doc.de,Generated Domain,Discovered,Potential Health Tech
https://www.heynanny.com/,User Hardcoded,Discovered,Verified Health Tech
https://careplatform.co.uk,Generated Domain,Discovered,Potential Health Tech
https://ephysician.com,Generated Domain,Discovered,Potential Health Tech
https://shop.getnutrio.com/,User Hardcoded,Discovered,Verified Health Tech
https://medicalservice.at,Generated Domain,Discovered,Potential Health Tech
https://medicineservices.be,Generated Domain,Discovered,Potential Health Tech
https://hospital-tech.com,Generated Domain,Discovered,Potential Health Tech
https://www.pharmarket.com,European Health Tech,Discovered,European Health Tech
https://www.doktor24.se,European Health Tech,Discovered,European Health Tech
https://www.jameda.de,German Health Tech,Discovered,German Health Tech
https://www.sensyne.com,European Health Tech,Discovered,European Health Tech
https://www.farmacia.it,European Health Tech,Discovered,European Health Tech
https://24doc.fr,Generated Domain,Discovered,Potential Health Tech
https://gomedic.ch,Generated Domain,Discovered,Potential Health Tech
https://thehospital.com,Generated Domain,Discovered,Potential Health Tech
https://healthsystems.com,Generated Domain,Discovered,Potential Health Tech
https://www.evotec.com,German Health Tech,Discovered,German Health Tech
https://mypatient.nl,Generated Domain,Discovered,Potential Health Tech
https://serviceshospital.de,Generated Domain,Discovered,Potential Health Tech
https://www.wilex.de,German Health Tech,Discovered,German Health Tech
https://www.medicines.org.uk,European Health Tech,Discovered,European Health Tech
https://www.galapagos.com,European Health Tech,Discovered,European Health Tech
https://servicehealth.nl,Generated Domain,Discovered,Potential Health Tech
https://medical-technology.it,Generated Domain,Discovered,Potential Health Tech
https://technologymedical.se,Generated Domain,Discovered,Potential Health Tech
https://www.dianovi.com/,User Hardcoded,Discovered,Verified Health Tech
https://med-service.dk,Generated Domain,Discovered,Potential Health Tech
https://www.zava.com,German Health Tech,Discovered,German Health Tech
https://doc-systems.ch,Generated Domain,Discovered,Potential Health Tech
https://www.marinomed.com,European Health Tech,Discovered,European Health Tech
https://www.farmaciasdirect.com,European Health Tech,Discovered,European Health Tech
https://www.frequentis.com,European Health Tech,Discovered,European Health Tech
https://med-app.de,Generated Domain,Discovered,Potential Health Tech
https://www.sundhedsplatformen.dk,European Health Tech,Discovered,European Health Tech
https://patientservices.dk,Generated Domain,Discovered,Potential Health Tech
https://www.klinikum.uni-heidelberg.de,German Health Tech,Discovered,German Health Tech
https://hospital-solutions.co.uk,Generated Domain,Discovered,Potential Health Tech
https://health-platform.be,Generated Domain,Discovered,Potential Health Tech
https://www.nuvisan.com,German Health Tech,Discovered,German Health Tech
https://caretechnology.uk,Generated Domain,Discovered,Potential Health Tech
https://www.apheris.com,User Hardcoded,Discovered,Verified Health Tech
https://systemsmedic.ch,Generated Domain,Discovered,Potential Health Tech
https://de.becureglobal.com/,User Hardcoded,Discovered,Verified Health Tech
https://www.medgate.ch,European Health Tech,Discovered,European Health Tech
https://www.boehringer-ingelheim.com,German Health Tech,Discovered,German Health Tech
https://24medical.co.uk,Generated Domain,Discovered,Potential Health Tech
https://platformmedicine.de,Generated Domain,Discovered,Potential Health Tech
https://careplatform.uk,Generated Domain,Discovered,Potential Health Tech
https://www.recordati.com,European Health Tech,Discovered,European Health Tech
https://hospital-systems.uk,Generated Domain,Discovered,Potential Health Tech
https://technologymedicine.uk,Generated Domain,Discovered,Potential Health Tech
https://thecare.com,Generated Domain,Discovered,Potential Health Tech
https://platformclinic.co.uk,Generated Domain,Discovered,Potential Health Tech
https://medic-app.at,Generated Domain,Discovered,Potential Health Tech
https://www.mdxhealth.com,European Health Tech,Discovered,European Health Tech
https://health-technology.nl,Generated Domain,Discovered,Potential Health Tech
https://www.contextflow.com,German Health Tech,Discovered,German Health Tech
https://gotreatment.com,Generated Domain,Discovered,Potential Health Tech
https://clinicservice.se,Generated Domain,Discovered,Potential Health Tech
https://emed.fr,Generated Domain,Discovered,Potential Health Tech
https://deepeye.ai/,User Hardcoded,Discovered,Verified Health Tech
https://www.vbcbiotech.com,European Health Tech,Discovered,European Health Tech
https://medic-solutions.se,Generated Domain,Discovered,Potential Health Tech
https://www.fresenius.com,German Health Tech,Discovered,German Health Tech
https://www.acalta.de,User Hardcoded,Discovered,Verified Health Tech
https://www.zeltia.com,European Health Tech,Discovered,European Health Tech
https://technologypatient.co.uk,Generated Domain,Discovered,Potential Health Tech
https://servicemedic.co.uk,Generated Domain,Discovered,Potential Health Tech
https://gomedicine.nl,Generated Domain,Discovered,Potential Health Tech
https://www.celyad.com,European Health Tech,Discovered,European Health Tech
https://med-solutions.ch,Generated Domain,Discovered,Potential Health Tech
https://platformdoc.it,Generated Domain,Discovered,Potential Health Tech
https://www.merantix.com,German Health Tech,Discovered,German Health Tech
https://www.elekta.com,European Health Tech,Discovered,European Health Tech
https://medicalapp.be,Generated Domain,Discovered,Potential Health Tech
https://eye2you.ai/,User Hardcoded,Discovered,Verified Health Tech
https://gethealthcare.be,Generated Domain,Discovered,Potential Health Tech
https://www.qare.fr,European Health Tech,Discovered,European Health Tech
https://servicescare.ch,Generated Domain,Discovered,Potential Health Tech
https://www.docmorris.de,German Health Tech,Discovered,German Health Tech
https://www.mh-hannover.de,German Health Tech,Discovered,German Health Tech
https://www.huisartsenpost.nl,European Health Tech,Discovered,European Health Tech
https://medic-platform.be,Generated Domain,Discovered,Potential Health Tech
https://www.lykon.com,German Health Tech,Discovered,German Health Tech
https://medicsolutions.be,Generated Domain,Discovered,Potential Health Tech
https://gocare.de,Generated Domain,Discovered,Potential Health Tech
https://servicehospital.at,Generated Domain,Discovered,Potential Health Tech
https://www.medwing.com,German Health Tech,Discovered,German Health Tech
https://patientservices.be,Generated Domain,Discovered,Potential Health Tech
https://medicaltech.at,Generated Domain,Discovered,Potential Health Tech
https://www.myra.health,German Health Tech,Discovered,German Health Tech
https://www.swica.ch,European Health Tech,Discovered,European Health Tech
https://www.medtronic.de,German Health Tech,Discovered,German Health Tech
https://www.copenhagenhealth.com,European Health Tech,Discovered,European Health Tech
https://thecare.co.uk,Generated Domain,Discovered,Potential Health Tech
https://www.bayer.de,German Health Tech,Discovered,German Health Tech
https://www.aporize.com/,User Hardcoded,Discovered,Verified Health Tech
https://www.apotheke.de,German Health Tech,Discovered,German Health Tech
https://www.eedoctors.ch,European Health Tech,Discovered,European Health Tech
https://medical-service.nl,Generated Domain,Discovered,Potential Health Tech
https://platformmedical.at,Generated Domain,Discovered,Potential Health Tech
https://treatment-tech.dk,Generated Domain,Discovered,Potential Health Tech
https://treatmenttech.ch,Generated Domain,Discovered,Potential Health Tech
https://www.kranushealth.com/de/therapien/haeufiger-harndrang,User Hardcoded,Discovered,Verified Health Tech
https://www.thinksono.com,German Health Tech,Discovered,German Health Tech
https://www.getinge.com,European Health Tech,Discovered,European Health Tech
https://techmedical.be,Generated Domain,Discovered,Potential Health Tech
https://healthcaretechnology.se,Generated Domain,Discovered,Potential Health Tech
https://apphealth.de,Generated Domain,Discovered,Potential Health Tech
https://gocare.fr,Generated Domain,Discovered,Potential Health Tech
https://www.sanofi.com,European Health Tech,Discovered,European Health Tech
https://www.shop-apotheke.com,German Health Tech,Discovered,German Health Tech
https://med-solutions.uk,Generated Domain,Discovered,Potential Health Tech
https://patient-technology.dk,Generated Domain,Discovered,Potential Health Tech
https://www.braun.com,Major Companies,Discovered,Established Health/Pharma
https://myhealthcare.co.uk,Generated Domain,Discovered,Potential Health Tech
https://www.bavarian-nordic.com,European Health Tech,Discovered,European Health Tech
https://www.valneva.com,European Health Tech,Discovered,European Health Tech
https://www.vayu.com,German Health Tech,Discovered,German Health Tech
https://med-tech.be,Generated Domain,Discovered,Potential Health Tech
https://www.sanitas.es,European Health Tech,Discovered,European Health Tech
https://medical-systems.fr,Generated Domain,Discovered,Potential Health Tech
https://healthtech.be,Generated Domain,Discovered,Potential Health Tech
https://imedicine.at,Generated Domain,Discovered,Potential Health Tech
https://systemsmedic.uk,Generated Domain,Discovered,Potential Health Tech
https://www.floy.com/,User Hardcoded,Discovered,Verified Health Tech
https://www.newpharma.fr,European Health Tech,Discovered,European Health Tech
https://www.medi24.ch,European Health Tech,Discovered,European Health Tech
https://careplatform.de,Generated Domain,Discovered,Potential Health Tech
https://technologytherapy.be,Generated Domain,Discovered,Potential Health Tech
https://patient-platform.co.uk,Generated Domain,Discovered,Potential Health Tech
https://www.myvetlearn.de,German Health Tech,Discovered,German Health Tech
