name,website,description,country,healthcare_type,status,status_code,source,validated_date
Unknown Company,http://dopavision.com,No description available,Europe,AI/ML Healthcare,Active,200,Discovered,2025-07-21 10:24:23
Unknown Company,http://www.ecovery.de,No description available,Germany,AI/ML Healthcare,Active,200,Discovered,2025-07-21 10:24:26
Unknown Company,https://bellehealth.co/de,No description available,Europe,AI/ML Healthcare,Active,200,Discovered,2025-07-21 10:24:28
Unknown Company,https://brea.app,No description available,Europe,AI/ML Healthcare,Active,200,Discovered,2025-07-21 10:24:30
Unknown Company,https://breathment.com,No description available,Europe,Healthcare Services,Active,200,Discovered,2025-07-21 10:24:31
Kognitives Training für Menschen mit MCI und leichter Demenz,https://cogthera.de/#erfahren,"Cogthera GmbH, App-basiertes kognitives Training für Menschen mit MCI und leichter Demenz, multimodale Intervention zur kognitiven Förderung",Germany,AI/ML Healthcare,Active,200,Manual,2025-07-21 10:24:34
Unknown Company,https://curecurve.de/elina-app,No description available,Germany,AI/ML Healthcare,Active,200,Discovered,2025-07-21 10:24:36
Unknown Company,https://de.becureglobal.com,No description available,Europe,AI/ML Healthcare,Active,200,Discovered,2025-07-21 10:24:39
Error - Could not access,https://de.caona.eu,Error: HTTP <urlopen error [SSL: SSLV3_ALERT_HANDSHAKE_FAILURE] ssl/tls alert handshake failure (_ssl.c:1029)>,Europe,Healthcare Services,Error,HTTP <urlopen error [SSL: SSLV3_ALERT_HANDSHAKE_FAILURE] ssl/tls alert handshake failure (_ssl.c:1029)>,Discovered,2025-07-21 10:24:40
Unknown Company,https://deepeye.ai,No description available,Europe,AI/ML Healthcare,Active,200,Discovered,2025-07-21 10:24:42
Unknown Company,https://denton-systems.de,No description available,Germany,AI/ML Healthcare,Active,200,Discovered,2025-07-21 10:24:44
Unknown Company,https://elixionmedical.com,No description available,Europe,AI/ML Healthcare,Active,200,Discovered,2025-07-21 10:24:45
Unknown Company,https://eye2you.ai,No description available,Europe,AI/ML Healthcare,Active,200,Discovered,2025-07-21 10:24:48
Unknown Company,https://fyzo.de/assistant,No description available,Germany,Healthcare Services,Active,200,Discovered,2025-07-21 10:24:49
Unknown Company,https://gleea.de,No description available,Germany,AI/ML Healthcare,Active,200,Discovered,2025-07-21 10:24:50
Unknown Company,https://home.informme.info,No description available,Europe,AI/ML Healthcare,Active,200,Discovered,2025-07-21 10:24:52
Unknown Company,https://incontalert.de,No description available,Germany,AI/ML Healthcare,Active,200,Discovered,2025-07-21 10:24:53
Unknown Company,https://sfs-healthcare.com,No description available,Europe,AI/ML Healthcare,Active,200,Manual,2025-07-21 10:24:56
Unknown Company,https://shop.getnutrio.com,No description available,Europe,AI/ML Healthcare,Active,200,Discovered,2025-07-21 10:24:58
Unknown Company,https://visioncheckout.com,No description available,Europe,AI/ML Healthcare,Active,200,Discovered,2025-07-21 10:24:59
Unknown Company,https://www.aalto.fi,No description available,Finland,AI/ML Healthcare,Active,200,Discovered,2025-07-21 10:25:01
Error - Could not access,https://www.abbvie.at,Error: HTTP HTTP Error 403: Forbidden,Austria,Healthcare Services,Error,HTTP HTTP Error 403: Forbidden,Discovered,2025-07-21 10:25:02
Error - Could not access,https://www.abbvie.es,Error: HTTP HTTP Error 403: Forbidden,Spain,Healthcare Services,Error,HTTP HTTP Error 403: Forbidden,Discovered,2025-07-21 10:25:03
Unknown Company,https://www.abiogen.it,No description available,Italy,AI/ML Healthcare,Active,200,Discovered,2025-07-21 10:25:05
Unknown Company,https://www.abivax.com,No description available,Europe,AI/ML Healthcare,Active,200,Discovered,2025-07-21 10:25:06
Unknown Company,https://www.ablynx.com,No description available,Europe,AI/ML Healthcare,Active,200,Discovered,2025-07-21 10:25:08
Unknown Company,https://www.abo.fi,No description available,Finland,AI/ML Healthcare,Active,200,Discovered,2025-07-21 10:25:10
Unknown Company,https://www.acalta.de,No description available,Germany,AI/ML Healthcare,Active,200,Manual,2025-07-21 10:25:11
Error - Could not access,https://www.accelerateddigitalventures.com,Error: HTTP <urlopen error [Errno -3] Temporary failure in name resolution>,Europe,Digital Health,Error,HTTP <urlopen error [Errno -3] Temporary failure in name resolution>,Discovered,2025-07-21 10:25:12
Unknown Company,https://www.actelion.com,No description available,Europe,AI/ML Healthcare,Active,200,Discovered,2025-07-21 10:25:15
Unknown Company,https://www.actimi.com,No description available,Europe,AI/ML Healthcare,Active,200,Manual,2025-07-21 10:25:16
Unknown Company,https://www.ada-health.com,No description available,Europe,AI/ML Healthcare,Active,200,Discovered,2025-07-21 10:25:17
Error - Could not access,https://www.agilent.com,Error: HTTP HTTP Error 403: Forbidden,Europe,Healthcare Services,Error,HTTP HTTP Error 403: Forbidden,Discovered,2025-07-21 10:25:18
Error - Could not access,https://www.ahold-delhaize.com,Error: HTTP <urlopen error [SSL: SSLV3_ALERT_HANDSHAKE_FAILURE] ssl/tls alert handshake failure (_ssl.c:1029)>,Europe,AI/ML Healthcare,Error,HTTP <urlopen error [SSL: SSLV3_ALERT_HANDSHAKE_FAILURE] ssl/tls alert handshake failure (_ssl.c:1029)>,Discovered,2025-07-21 10:25:19
Suomen Akatemia - Suomen Akatemia,https://www.aka.fi,No information available,Finland,AI/ML Healthcare,Active,200,Discovered,2025-07-21 10:25:21
Unknown Company,https://www.alan.com,No description available,Europe,AI/ML Healthcare,Active,200,Discovered,2025-07-21 10:25:23
Unknown Company,https://www.alexion.at,No description available,Austria,AI/ML Healthcare,Active,200,Discovered,2025-07-21 10:25:24
Unknown Company,https://www.alfa-ai.com,No description available,Europe,AI/ML Healthcare,Active,200,Manual,2025-07-21 10:25:26
Error - Could not access,https://www.alfasigma.com,Error: HTTP HTTP Error 403: Forbidden,Europe,Healthcare Services,Error,HTTP HTTP Error 403: Forbidden,Discovered,2025-07-21 10:25:27
Unknown Company,https://www.almirall.com,No description available,Europe,AI/ML Healthcare,Active,200,Discovered,2025-07-21 10:25:28
redirect,https://www.amc.nl,No description available,Netherlands,AI/ML Healthcare,Active,200,Discovered,2025-07-21 10:25:39
Unknown Company,https://www.amgen.at,No description available,Austria,AI/ML Healthcare,Active,200,Discovered,2025-07-21 10:25:40
Unknown Company,https://www.angelini.it,No description available,Italy,AI/ML Healthcare,Active,200,Discovered,2025-07-21 10:25:43
Unknown Company,https://www.apheris.com,No description available,Europe,AI/ML Healthcare,Active,200,Manual,2025-07-21 10:25:44
Unknown Company,https://www.apodienste.com,No description available,Europe,AI/ML Healthcare,Active,200,Discovered,2025-07-21 10:25:45
Aporize,https://www.aporize.com,No description available,Europe,AI/ML Healthcare,Active,200,Discovered,2025-07-21 10:25:50
Error - Could not access,https://www.arztlena.com,Error: HTTP <urlopen error [Errno -2] Name or service not known>,Europe,Healthcare Services,Error,HTTP <urlopen error [Errno -2] Name or service not known>,Discovered,2025-07-21 10:25:51
Unknown Company,https://www.ascendis.com,No description available,Europe,Healthcare Services,Active,200,Discovered,2025-07-21 10:25:52
Unknown Company,https://www.askmygp.uk,No description available,United Kingdom,AI/ML Healthcare,Active,200,Discovered,2025-07-21 10:25:55
Unknown Company,https://www.astrazeneca.at,No description available,Austria,AI/ML Healthcare,Active,200,Discovered,2025-07-21 10:25:56
Unknown Company,https://www.astrazeneca.es,No description available,Spain,AI/ML Healthcare,Active,200,Discovered,2025-07-21 10:25:57
Unknown Company,https://www.atomwise.com,No description available,Europe,AI/ML Healthcare,Active,200,Discovered,2025-07-21 10:25:58
Unknown Company,https://www.auta.health,No description available,Europe,AI/ML Healthcare,Active,200,Discovered,2025-07-21 10:25:59
Unknown Company,https://www.avayl.tech,No description available,Europe,AI/ML Healthcare,Active,200,Discovered,2025-07-21 10:26:00
Unknown Company,https://www.avimedical.com/avi-impact,No description available,Europe,AI/ML Healthcare,Active,200,Manual,2025-07-21 10:26:01
Error - Could not access,https://www.babylon-health.com,Error: HTTP <urlopen error timed out>,Europe,Healthcare Services,Error,HTTP <urlopen error timed out>,Discovered,2025-07-21 10:26:32
Error - Could not access,https://www.babylonhealth.com,Error: HTTP <urlopen error [Errno -2] Name or service not known>,Europe,Healthcare Services,Error,HTTP <urlopen error [Errno -2] Name or service not known>,Discovered,2025-07-21 10:26:33
Unknown Company,https://www.basilea.com,No description available,Europe,AI/ML Healthcare,Active,200,Discovered,2025-07-21 10:26:35
Unknown Company,https://www.bavarian-nordic.com,No description available,Europe,AI/ML Healthcare,Active,200,Discovered,2025-07-21 10:26:37
Error - Could not access,https://www.bayer.at,Error: HTTP HTTP Error 403: Forbidden,Austria,Healthcare Services,Error,HTTP HTTP Error 403: Forbidden,Discovered,2025-07-21 10:26:38
Error - Could not access,https://www.bayer.es,Error: HTTP HTTP Error 403: Forbidden,Spain,Healthcare Services,Error,HTTP HTTP Error 403: Forbidden,Discovered,2025-07-21 10:26:40
Unknown Company,https://www.benevolent.com,No description available,Europe,Healthcare Services,Active,200,Discovered,2025-07-21 10:26:41
Error - Could not access,https://www.berlin-health-network.de,Error: HTTP <urlopen error [Errno -2] Name or service not known>,Germany,Healthcare Services,Error,HTTP <urlopen error [Errno -2] Name or service not known>,Discovered,2025-07-21 10:26:42
Unknown Company,https://www.bio-on.it,No description available,Italy,AI/ML Healthcare,Active,200,Discovered,2025-07-21 10:26:44
Unknown Company,https://www.bioalps.org,No description available,Europe,AI/ML Healthcare,Active,200,Discovered,2025-07-21 10:26:48
Unknown Company,https://www.biogen.at,No description available,Austria,AI/ML Healthcare,Active,200,Discovered,2025-07-21 10:26:50
Unknown Company,https://www.biogroup.fr,No description available,France,AI/ML Healthcare,Active,200,Discovered,2025-07-21 10:26:52
Error - Could not access,https://www.biomarin.at,Error: HTTP <urlopen error [Errno -2] Name or service not known>,Austria,Healthcare Services,Error,HTTP <urlopen error [Errno -2] Name or service not known>,Discovered,2025-07-21 10:26:53
Unknown Company,https://www.biomedica.it,No description available,Italy,AI/ML Healthcare,Active,200,Discovered,2025-07-21 10:26:55
Unknown Company,https://www.biomedicum.fi,No description available,Finland,AI/ML Healthcare,Active,200,Discovered,2025-07-21 10:26:57
Unknown Company,https://www.biomerieux.com,No description available,Europe,Healthcare Services,Active,200,Discovered,2025-07-21 10:26:59
Unknown Company,https://www.biomni.com,No description available,Europe,AI/ML Healthcare,Active,200,Discovered,2025-07-21 10:27:01
Unknown Company,https://www.biomnis.com,No description available,Europe,AI/ML Healthcare,Active,200,Discovered,2025-07-21 10:27:02
Unknown Company,https://www.bionordika.se,No description available,Sweden,AI/ML Healthcare,Active,200,Discovered,2025-07-21 10:27:04
Unknown Company,https://www.biontech.de,No description available,Germany,AI/ML Healthcare,Active,200,Discovered,2025-07-21 10:27:06
Unknown Company,https://www.biotest.com,No description available,Europe,AI/ML Healthcare,Active,200,Discovered,2025-07-21 10:27:08
Unknown Company,https://www.biotx.ai,No description available,Europe,AI/ML Healthcare,Active,200,Discovered,2025-07-21 10:27:09
GreenWebspace,https://www.bluebird.at,No description available,Austria,AI/ML Healthcare,Active,200,Discovered,2025-07-21 10:27:12
Unknown Company,https://www.boehringer-ingelheim.at,No description available,Austria,AI/ML Healthcare,Active,200,Discovered,2025-07-21 10:27:13
Unknown Company,https://www.boehringer-ingelheim.com,No description available,Europe,AI/ML Healthcare,Active,200,Discovered,2025-07-21 10:27:14
Error - Could not access,https://www.bone-therapeutics.com,Error: HTTP <urlopen error [Errno 104] Connection reset by peer>,Europe,Healthcare Services,Error,HTTP <urlopen error [Errno 104] Connection reset by peer>,Discovered,2025-07-21 10:27:15
Unknown Company,https://www.bracco.com,No description available,Europe,AI/ML Healthcare,Active,200,Discovered,2025-07-21 10:27:16
Unknown Company,https://www.brainjo.de,No description available,Germany,AI/ML Healthcare,Active,200,Discovered,2025-07-21 10:27:18
Error - Could not access,https://www.bristol-myers-squibb.at,Error: HTTP <urlopen error [Errno -2] Name or service not known>,Austria,Healthcare Services,Error,HTTP <urlopen error [Errno -2] Name or service not known>,Discovered,2025-07-21 10:27:19
Unknown Company,https://www.bruker.com,No description available,Europe,AI/ML Healthcare,Active,200,Discovered,2025-07-21 10:27:22
Unknown Company,https://www.businessfinland.fi,No description available,Finland,AI/ML Healthcare,Active,200,Discovered,2025-07-21 10:27:23
Error - Could not access,https://www.cantabria-labs.com,Error: HTTP <urlopen error [Errno -2] Name or service not known>,Europe,Healthcare Services,Error,HTTP <urlopen error [Errno -2] Name or service not known>,Discovered,2025-07-21 10:27:24
Unknown Company,https://www.cardio3-biosciences.com,No description available,Europe,Healthcare Services,Active,200,Discovered,2025-07-21 10:27:26
Animierte Informationsvideos | Careanimations,https://www.careanimations.de,"Wir erleichtern die Patientenberatung in Apotheken mit einfachen, zugänglichen Videos, Piktogrammen und Nachrichten. So unterstützen Sie Patienten bei der richtigen Anwendung ihrer Arzneimittel.",Germany,AI/ML Healthcare,Active,200,Discovered,2025-07-21 10:27:28
Unknown Company,https://www.cegedim.com,No description available,Europe,AI/ML Healthcare,Active,200,Discovered,2025-07-21 10:27:30
Unknown Company,https://www.celgene.at,No description available,Austria,AI/ML Healthcare,Active,200,Discovered,2025-07-21 10:27:31
Unknown Company,https://www.celgene.es,No description available,Spain,AI/ML Healthcare,Active,200,Discovered,2025-07-21 10:27:32
Unknown Company,https://www.celyad.com,No description available,Europe,AI/ML Healthcare,Active,200,Discovered,2025-07-21 10:27:35
Clinical analysis laboratory - Cerba International,https://www.cerba.com,Cerba International is a reference laboratory of clinical analysis founded in 1945 by Dr. Hernández. Discover our catalog of diagnostic tests.,Europe,AI/ML Healthcare,Active,200,Discovered,2025-07-21 10:27:39
Unknown Company,https://www.cgm.com/deu_de,No description available,Europe,AI/ML Healthcare,Active,200,Discovered,2025-07-21 10:27:40
Unknown Company,https://www.chalmers.se,No description available,Sweden,AI/ML Healthcare,Active,200,Discovered,2025-07-21 10:27:42
Unknown Company,https://www.charles-river.com,No description available,Europe,AI/ML Healthcare,Active,200,Discovered,2025-07-21 10:27:47
Unknown Company,https://www.chiesi.com,No description available,Europe,AI/ML Healthcare,Active,200,Discovered,2025-07-21 10:27:49
Unknown Company,https://www.chr-hansen.com,No description available,Europe,AI/ML Healthcare,Active,200,Discovered,2025-07-21 10:27:51
Unknown Company,https://www.cinfa.com,No description available,Europe,AI/ML Healthcare,Active,200,Discovered,2025-07-21 10:27:53
Unknown Company,https://www.climedo.de,No description available,Germany,AI/ML Healthcare,Active,200,Discovered,2025-07-21 10:27:55
Unknown Company,https://www.cliniserve.de,No description available,Germany,AI/ML Healthcare,Active,200,Discovered,2025-07-21 10:27:57
Unknown Company,https://www.coloplast.com,No description available,Europe,AI/ML Healthcare,Active,200,Discovered,2025-07-21 10:27:58
Error - Could not access,https://www.compete2020.pt,Error: HTTP <urlopen error [Errno -2] Name or service not known>,Portugal,Healthcare Services,Error,HTTP <urlopen error [Errno -2] Name or service not known>,Discovered,2025-07-21 10:27:59
Unknown Company,https://www.comuny.de,No description available,Germany,Healthcare Services,Active,200,Discovered,2025-07-21 10:28:00
Unknown Company,https://www.concilio.com,No description available,Europe,AI/ML Healthcare,Active,200,Discovered,2025-07-21 10:28:03
Error - Could not access,https://www.cosmo-tech.com,Error: HTTP <urlopen error [Errno 111] Connection refused>,Europe,Healthcare Services,Error,HTTP <urlopen error [Errno 111] Connection refused>,Discovered,2025-07-21 10:28:05
Unknown Company,https://www.covance.com,No description available,Europe,AI/ML Healthcare,Active,200,Discovered,2025-07-21 10:28:06
Error - Could not access,https://www.cropdesign.com,Error: HTTP <urlopen error timed out>,Europe,Healthcare Services,Error,HTTP <urlopen error timed out>,Discovered,2025-07-21 10:28:22
Error - Could not access,https://www.crown-bioscience.com,Error: HTTP <urlopen error [Errno -2] Name or service not known>,Europe,Healthcare Services,Error,HTTP <urlopen error [Errno -2] Name or service not known>,Discovered,2025-07-21 10:28:23
Error - Could not access,https://www.crucell.com,Error: HTTP <urlopen error timed out>,Europe,Healthcare Services,Error,HTTP <urlopen error timed out>,Discovered,2025-07-21 10:28:39
Unknown Company,https://www.curevac.com,No description available,Europe,AI/ML Healthcare,Active,200,Discovered,2025-07-21 10:28:41
Error - Could not access,https://www.current-health.com,Error: HTTP <urlopen error [Errno 111] Connection refused>,Europe,Healthcare Services,Error,HTTP <urlopen error [Errno 111] Connection refused>,Discovered,2025-07-21 10:29:05
Unknown Company,https://www.cydar.com,No description available,Europe,AI/ML Healthcare,Active,200,Discovered,2025-07-21 10:29:09
Error - Could not access,https://www.cynteract.com/de/rehabilitation,Error: HTTP HTTP Error 404: Not Found,Europe,Healthcare Services,Error,HTTP HTTP Error 404: Not Found,Manual,2025-07-21 10:29:10
Danaher Corporation,https://www.danaher.com,"As a leading global life sciences and diagnostics innovator, we are committed to accelerating the power of science and technology to improve human health.",Europe,AI/ML Healthcare,Active,200,Discovered,2025-07-21 10:29:11
Unknown Company,https://www.dbv-technologies.com,No description available,Europe,AI/ML Healthcare,Active,200,Discovered,2025-07-21 10:29:13
Unknown Company,https://www.dedalus-group.de,No description available,Germany,AI/ML Healthcare,Active,200,Discovered,2025-07-21 10:29:16
Unknown Company,https://www.deepmentation.ai,No description available,Europe,AI/ML Healthcare,Active,200,Discovered,2025-07-21 10:29:19
Unknown Company,https://www.derma2go.com,No description available,Europe,AI/ML Healthcare,Active,200,Discovered,2025-07-21 10:29:21
Unknown Company,https://www.dianovi.com,No description available,Europe,AI/ML Healthcare,Active,200,Discovered,2025-07-21 10:29:22
Unknown Company,https://www.digitalhealth.london,No description available,Europe,AI/ML Healthcare,Active,200,Discovered,2025-07-21 10:29:24
Unknown Company,https://www.digitalhealth.net,No description available,Europe,AI/ML Healthcare,Active,200,Discovered,2025-07-21 10:29:26
Error - Could not access,https://www.docmorris.de,Error: HTTP HTTP Error 403: Forbidden,Germany,Healthcare Services,Error,HTTP HTTP Error 403: Forbidden,Discovered,2025-07-21 10:29:27
Unknown Company,https://www.doctolib.de,No description available,Germany,AI/ML Healthcare,Active,200,Discovered,2025-07-21 10:29:29
Unknown Company,https://www.doctoralia.es,No description available,Spain,AI/ML Healthcare,Active,200,Discovered,2025-07-21 10:29:30
Error - Could not access,https://www.doctorlib.fr,Error: HTTP <urlopen error timed out>,France,Healthcare Services,Error,HTTP <urlopen error timed out>,Discovered,2025-07-21 10:30:01
Error - Could not access,https://www.dompé.com,Error: HTTP <urlopen error [SSL: TLSV1_ALERT_INTERNAL_ERROR] tlsv1 alert internal error (_ssl.c:1029)>,Europe,Healthcare Services,Error,HTTP <urlopen error [SSL: TLSV1_ALERT_INTERNAL_ERROR] tlsv1 alert internal error (_ssl.c:1029)>,Discovered,2025-07-21 10:30:02
Unknown Company,https://www.dpv-analytics.com,No description available,Europe,AI/ML Healthcare,Active,200,Discovered,2025-07-21 10:30:04
Unknown Company,https://www.du.se,No description available,Sweden,AI/ML Healthcare,Active,200,Discovered,2025-07-21 10:30:06
Unknown Company,https://www.e-health-com.eu,No description available,Europe,AI/ML Healthcare,Active,200,Discovered,2025-07-21 10:30:09
Unknown Company,https://www.elekta.com,No description available,Europe,AI/ML Healthcare,Active,200,Discovered,2025-07-21 10:30:10
Unknown Company,https://www.emmora.de,No description available,Germany,AI/ML Healthcare,Active,200,Manual,2025-07-21 10:30:13
Unknown Company,https://www.empident.de,No description available,Germany,AI/ML Healthcare,Active,200,Discovered,2025-07-21 10:30:16
Enthera.com - Ready for Development,https://www.enthera.com,No description available,Europe,AI/ML Healthcare,Active,200,Discovered,2025-07-21 10:30:17
Unknown Company,https://www.envigo.com,No description available,Europe,AI/ML Healthcare,Active,200,Discovered,2025-07-21 10:30:18
Unknown Company,https://www.epfl.ch,No description available,Switzerland,AI/ML Healthcare,Active,200,Discovered,2025-07-21 10:30:22
Unknown Company,https://www.eppendorf.com,No description available,Europe,AI/ML Healthcare,Active,200,Discovered,2025-07-21 10:30:24
Erasmus MC: Pati&#235;ntenzorg,https://www.erasmusmc.nl,Welkom bij het Erasmus MC in Rotterdam. Wij staan voor een gezonde bevolking en excellente zorg door wetenschappelijk onderzoek en onderwijs.,Netherlands,AI/ML Healthcare,Active,200,Discovered,2025-07-21 10:30:28
Error - Could not access,https://www.esenf.pt,Error: HTTP <urlopen error [SSL: DH_KEY_TOO_SMALL] dh key too small (_ssl.c:1029)>,Portugal,Healthcare Services,Error,HTTP <urlopen error [SSL: DH_KEY_TOO_SMALL] dh key too small (_ssl.c:1029)>,Discovered,2025-07-21 10:30:29
Unknown Company,https://www.ess.pt,No description available,Portugal,AI/ML Healthcare,Active,200,Discovered,2025-07-21 10:30:32
Esteve,https://www.esteve.com,No description available,Europe,AI/ML Healthcare,Active,200,Discovered,2025-07-21 10:30:34
Unknown Company,https://www.ethz.ch,No description available,Switzerland,AI/ML Healthcare,Active,200,Discovered,2025-07-21 10:30:36
Worldwide laboratory testing services - Eurofins Scientific,https://www.eurofins.com,"World leader in food, environment, pharma product testing & agroscience CRO services; ca. 63,000 staff across a network of more than 1,000 independent companies (over 950 laboratories) in 60 countries, offering over 200,000 analytical methods.",Europe,AI/ML Healthcare,Active,200,Discovered,2025-07-21 10:30:38
Unknown Company,https://www.eurogentec.com,No description available,Europe,AI/ML Healthcare,Active,200,Discovered,2025-07-21 10:30:40
Unknown Company,https://www.evotec.com,No description available,Europe,AI/ML Healthcare,Active,200,Discovered,2025-07-21 10:30:42
Unknown Company,https://www.exscientia.ai,No description available,Europe,AI/ML Healthcare,Active,200,Discovered,2025-07-21 10:30:45
Unknown Company,https://www.faes.es,No description available,Spain,AI/ML Healthcare,Active,200,Discovered,2025-07-21 10:30:50
Error - Could not access,https://www.farmindustria.es,Error: HTTP <urlopen error [Errno -2] Name or service not known>,Spain,Healthcare Services,Error,HTTP <urlopen error [Errno -2] Name or service not known>,Discovered,2025-07-21 10:30:51
Unknown Company,https://www.fct.pt,No description available,Portugal,AI/ML Healthcare,Active,200,Discovered,2025-07-21 10:30:53
Unknown Company,https://www.fct.unl.pt,No description available,Portugal,AI/ML Healthcare,Active,200,Discovered,2025-07-21 10:30:55
Error - Could not access,https://www.feelingz.fr,Error: HTTP <urlopen error [Errno -2] Name or service not known>,France,Healthcare Services,Error,HTTP <urlopen error [Errno -2] Name or service not known>,Discovered,2025-07-21 10:30:56
Unknown Company,https://www.fei.com,No description available,Europe,AI/ML Healthcare,Active,200,Discovered,2025-07-21 10:30:58
Unknown Company,https://www.fernarzt.com,No description available,Europe,AI/ML Healthcare,Active,200,Discovered,2025-07-21 10:30:59
Home | Ferrer,https://www.ferrer.com,No description available,Europe,AI/ML Healthcare,Active,200,Discovered,2025-07-21 10:31:01
Error - Could not access,https://www.ffup.pt,Error: HTTP <urlopen error [Errno -2] Name or service not known>,Portugal,Healthcare Services,Error,HTTP <urlopen error [Errno -2] Name or service not known>,Discovered,2025-07-21 10:31:02
Unknown Company,https://www.fhnw.ch,No description available,Switzerland,AI/ML Healthcare,Active,200,Discovered,2025-07-21 10:31:04
Unknown Company,https://www.fidia.it,No description available,Italy,AI/ML Healthcare,Active,200,Discovered,2025-07-21 10:31:06
Unknown Company,https://www.fimea.fi,No description available,Finland,AI/ML Healthcare,Active,200,Discovered,2025-07-21 10:31:10
Unknown Company,https://www.fitwhit.de,No description available,Germany,AI/ML Healthcare,Active,200,Manual,2025-07-21 10:31:11
Unknown Company,https://www.floy.com,No description available,Europe,AI/ML Healthcare,Active,200,Discovered,2025-07-21 10:31:12
Error - Could not access,https://www.fm.ul.pt,Error: HTTP HTTP Error 400: Bad Request,Portugal,Healthcare Services,Error,HTTP HTTP Error 400: Bad Request,Discovered,2025-07-21 10:31:14
Error - Could not access,https://www.fmuc.pt,Error: HTTP <urlopen error [Errno -2] Name or service not known>,Portugal,Healthcare Services,Error,HTTP <urlopen error [Errno -2] Name or service not known>,Discovered,2025-07-21 10:31:15
Unknown Company,https://www.fmup.pt,No description available,Portugal,AI/ML Healthcare,Active,200,Discovered,2025-07-21 10:31:17
Error - Could not access,https://www.foundation-medicine.com,Error: HTTP <urlopen error [Errno -2] Name or service not known>,Europe,Healthcare Services,Error,HTTP <urlopen error [Errno -2] Name or service not known>,Discovered,2025-07-21 10:31:18
Unknown Company,https://www.galapagos.com,No description available,Europe,AI/ML Healthcare,Active,200,Discovered,2025-07-21 10:31:20
Unknown Company,https://www.genfit.com,No description available,Europe,AI/ML Healthcare,Active,200,Discovered,2025-07-21 10:31:21
Unknown Company,https://www.genmab.com,No description available,Europe,AI/ML Healthcare,Active,200,Discovered,2025-07-21 10:31:22
Error - Could not access,https://www.genomicsplc.com,Error: HTTP <urlopen error [SSL: SSLV3_ALERT_HANDSHAKE_FAILURE] ssl/tls alert handshake failure (_ssl.c:1029)>,Europe,Biotechnology,Error,HTTP <urlopen error [SSL: SSLV3_ALERT_HANDSHAKE_FAILURE] ssl/tls alert handshake failure (_ssl.c:1029)>,Discovered,2025-07-21 10:31:23
Unknown Company,https://www.gesund.de/app,No description available,Germany,AI/ML Healthcare,Active,200,Manual,2025-07-21 10:31:26
Unknown Company,https://www.getinge.com,No description available,Europe,AI/ML Healthcare,Active,200,Discovered,2025-07-21 10:31:28
Unknown Company,https://www.gilead.at,No description available,Austria,AI/ML Healthcare,Active,200,Discovered,2025-07-21 10:31:30
Unknown Company,https://www.gilead.com,No description available,Europe,AI/ML Healthcare,Active,200,Discovered,2025-07-21 10:31:32
Unknown Company,https://www.giuliani.it,No description available,Italy,AI/ML Healthcare,Active,200,Discovered,2025-07-21 10:31:33
Unknown Company,https://www.glaice.de,No description available,Germany,AI/ML Healthcare,Active,200,Discovered,2025-07-21 10:31:34
Unknown Company,https://www.grifols.com,No description available,Europe,AI/ML Healthcare,Active,200,Discovered,2025-07-21 10:31:38
Error - Could not access,https://www.grupo-tecnimed.com,Error: HTTP <urlopen error [Errno -2] Name or service not known>,Europe,Healthcare Services,Error,HTTP <urlopen error [Errno -2] Name or service not known>,Discovered,2025-07-21 10:31:39
Österreich | GSK,https://www.gsk.at,GSK Austria,Austria,AI/ML Healthcare,Active,200,Discovered,2025-07-21 10:31:40
Unknown Company,https://www.gu.se,No description available,Sweden,AI/ML Healthcare,Active,200,Discovered,2025-07-21 10:31:42
Unknown Company,https://www.guardant.com,No description available,Europe,AI/ML Healthcare,Active,200,Discovered,2025-07-21 10:31:44
Unknown Company,https://www.guerbet.com,No description available,Europe,AI/ML Healthcare,Active,200,Discovered,2025-07-21 10:31:46
Unknown Company,https://www.guidecare.de,No description available,Germany,AI/ML Healthcare,Active,200,Discovered,2025-07-21 10:31:47
Unknown Company,https://www.guidotti.it,No description available,Italy,Healthcare Services,Active,200,Discovered,2025-07-21 10:31:49
Unknown Company,https://www.hanken.fi,No description available,Finland,AI/ML Healthcare,Active,200,Discovered,2025-07-21 10:31:52
harlan.com,https://www.harlan.com,No description available,Europe,AI/ML Healthcare,Active,200,Discovered,2025-07-21 10:31:54
Unknown Company,https://www.healthhub.nl,No description available,Netherlands,AI/ML Healthcare,Active,200,Discovered,2025-07-21 10:31:56
Unknown Company,https://www.healthmeapp.de/de,No description available,Germany,AI/ML Healthcare,Active,200,Discovered,2025-07-21 10:31:58
Error - Could not access,https://www.healthtech.se,Error: HTTP <urlopen error [SSL: RECORD_LAYER_FAILURE] record layer failure (_ssl.c:1029)>,Sweden,Healthcare Services,Error,HTTP <urlopen error [SSL: RECORD_LAYER_FAILURE] record layer failure (_ssl.c:1029)>,Discovered,2025-07-21 10:32:00
Error - Could not access,https://www.healthtech.swiss,Error: HTTP <urlopen error [Errno -2] Name or service not known>,Europe,Healthcare Services,Error,HTTP <urlopen error [Errno -2] Name or service not known>,Discovered,2025-07-21 10:32:01
Unknown Company,https://www.healthtechdigital.com,No description available,Europe,AI/ML Healthcare,Active,200,Discovered,2025-07-21 10:32:02
Unknown Company,https://www.healthvalley.nl,No description available,Netherlands,Healthcare Services,Active,200,Discovered,2025-07-21 10:32:04
Unknown Company,https://www.healx.io,No description available,Europe,AI/ML Healthcare,Active,200,Discovered,2025-07-21 10:32:06
Unknown Company,https://www.heidelberg-pharma.com,No description available,Europe,AI/ML Healthcare,Active,200,Discovered,2025-07-21 10:32:09
Unknown Company,https://www.hellocare.com,No description available,Europe,AI/ML Healthcare,Active,200,Discovered,2025-07-21 10:32:11
Unknown Company,https://www.help-app.de,No description available,Germany,AI/ML Healthcare,Active,200,Discovered,2025-07-21 10:32:13
Unknown Company,https://www.helsinki.fi,No description available,Finland,AI/ML Healthcare,Active,200,Discovered,2025-07-21 10:32:16
Unknown Company,https://www.hes-so.ch,No description available,Switzerland,AI/ML Healthcare,Active,200,Discovered,2025-07-21 10:32:19
Error - Could not access,https://www.hesso.ch,Error: HTTP <urlopen error timed out>,Switzerland,Healthcare Services,Error,HTTP <urlopen error timed out>,Discovered,2025-07-21 10:32:35
Unknown Company,https://www.heynanny.com,No description available,Europe,AI/ML Healthcare,Active,200,Discovered,2025-07-21 10:32:37
Unknown Company,https://www.hig.se,No description available,Sweden,AI/ML Healthcare,Active,200,Discovered,2025-07-21 10:32:39
Unknown Company,https://www.his.se,No description available,Sweden,AI/ML Healthcare,Active,200,Discovered,2025-07-21 10:32:40
Unknown Company,https://www.hj.se,No description available,Sweden,AI/ML Healthcare,Active,200,Discovered,2025-07-21 10:32:43
H&#xF6;gskolan Kristianstad - Utbildning och forskning | HKR.se,https://www.hkr.se,H&#xF6;gskolan Kristianstad &#xE4;r en popul&#xE4;r h&#xF6;gskola med ca 14000 studenter. Utbildning och forskning p&#xE5; ett campus - en liten men samtidigt stor h&#xF6;gskola. &#xA;,Sweden,AI/ML Healthcare,Active,200,Discovered,2025-07-21 10:32:44
Error - Could not access,https://www.horizon.at,Error: HTTP <urlopen error [SSL: TLSV1_ALERT_INTERNAL_ERROR] tlsv1 alert internal error (_ssl.c:1029)>,Austria,Healthcare Services,Error,HTTP <urlopen error [SSL: TLSV1_ALERT_INTERNAL_ERROR] tlsv1 alert internal error (_ssl.c:1029)>,Discovered,2025-07-21 10:32:46
Unknown Company,https://www.hslu.ch,No description available,Switzerland,AI/ML Healthcare,Active,200,Discovered,2025-07-21 10:32:48
Unknown Company,https://www.hv.se,No description available,Sweden,AI/ML Healthcare,Active,200,Discovered,2025-07-21 10:32:51
IAPMEI - P&#225;gina Inicial,https://www.iapmei.pt,"IAPMEI, I.P. - Agência para a Competitividade e Inovação",Portugal,AI/ML Healthcare,Active,200,Discovered,2025-07-21 10:32:57
Unknown Company,https://www.ibsa-pharma.com,No description available,Europe,AI/ML Healthcare,Active,200,Discovered,2025-07-21 10:32:58
Unknown Company,https://www.icbas.up.pt,No description available,Portugal,AI/ML Healthcare,Active,200,Discovered,2025-07-21 10:33:01
Error - Could not access,https://www.icon-plc.com,Error: HTTP <urlopen error [SSL: TLSV1_ALERT_INTERNAL_ERROR] tlsv1 alert internal error (_ssl.c:1029)>,Europe,Healthcare Services,Error,HTTP <urlopen error [SSL: TLSV1_ALERT_INTERNAL_ERROR] tlsv1 alert internal error (_ssl.c:1029)>,Discovered,2025-07-21 10:33:02
Unknown Company,https://www.idorsia.com,No description available,Europe,AI/ML Healthcare,Active,200,Discovered,2025-07-21 10:33:04
Error - Could not access,https://www.igm-biosciences.com,Error: HTTP <urlopen error [Errno -2] Name or service not known>,Europe,Healthcare Services,Error,HTTP <urlopen error [Errno -2] Name or service not known>,Discovered,2025-07-21 10:33:05
Unknown Company,https://www.incyte.at,No description available,Austria,AI/ML Healthcare,Active,200,Discovered,2025-07-21 10:33:07
"Infarmed - INFARMED, I.P.",https://www.infarmed.pt,Infarmed,Portugal,AI/ML Healthcare,Active,200,Discovered,2025-07-21 10:33:09
Unknown Company,https://www.innate-pharma.com,No description available,Europe,AI/ML Healthcare,Active,200,Discovered,2025-07-21 10:33:11
Unknown Company,https://www.innogenetics.com,No description available,Europe,AI/ML Healthcare,Active,200,Discovered,2025-07-21 10:33:13
Unknown Company,https://www.innosuisse.ch,No description available,Switzerland,AI/ML Healthcare,Active,200,Discovered,2025-07-21 10:33:17
Unknown Company,https://www.innovations.nl,No description available,Netherlands,Healthcare Services,Active,200,Discovered,2025-07-21 10:33:19
Unknown Company,https://www.inovie.fr,No description available,France,AI/ML Healthcare,Active,200,Discovered,2025-07-21 10:33:21
Error - Could not access,https://www.intercept.at,Error: HTTP <urlopen error [Errno -2] Name or service not known>,Austria,Healthcare Services,Error,HTTP <urlopen error [Errno -2] Name or service not known>,Discovered,2025-07-21 10:33:22
Error - Could not access,https://www.inventiva.fr,Error: HTTP <urlopen error [Errno 104] Connection reset by peer>,France,Healthcare Services,Error,HTTP <urlopen error [Errno 104] Connection reset by peer>,Discovered,2025-07-21 10:33:24
Error - Could not access,https://www.iproteos.com,Error: HTTP <urlopen error [Errno 111] Connection refused>,Europe,Healthcare Services,Error,HTTP <urlopen error [Errno 111] Connection refused>,Discovered,2025-07-21 10:33:25
Unknown Company,https://www.ipsen.com,No description available,Europe,AI/ML Healthcare,Active,200,Discovered,2025-07-21 10:33:27
Unknown Company,https://www.iqvia.com,No description available,Europe,AI/ML Healthcare,Active,200,Discovered,2025-07-21 10:33:29
Unknown Company,https://www.irbm.com,No description available,Europe,AI/ML Healthcare,Active,200,Discovered,2025-07-21 10:33:30
Unknown Company,https://www.iscte.pt,No description available,Portugal,AI/ML Healthcare,Active,200,Discovered,2025-07-21 10:33:33
Unknown Company,https://www.isdin.com,No description available,Europe,Healthcare Services,Active,200,Discovered,2025-07-21 10:33:34
Unknown Company,https://www.italfarmaco.com,No description available,Europe,AI/ML Healthcare,Active,200,Discovered,2025-07-21 10:33:36
Unknown Company,https://www.janssen.at,No description available,Austria,AI/ML Healthcare,Active,200,Discovered,2025-07-21 10:33:38
Unknown Company,https://www.janssen.com,No description available,Europe,AI/ML Healthcare,Active,200,Discovered,2025-07-21 10:33:39
The Jackson Laboratory,https://www.jax.org,The Jackson Laboratory&#x27;s mission is to discover precise genomic solutions for disease and empower the global biomedical community in the shared quest to improve human health.,Europe,AI/ML Healthcare,Active,200,Discovered,2025-07-21 10:33:40
Unknown Company,https://www.jazz.at,No description available,Austria,Healthcare Services,Active,200,Discovered,2025-07-21 10:33:42
Unknown Company,https://www.jeol.com,No description available,Europe,AI/ML Healthcare,Active,200,Discovered,2025-07-21 10:33:43
Unknown Company,https://www.jyu.fi,No description available,Finland,AI/ML Healthcare,Active,200,Discovered,2025-07-21 10:33:46
Error - Could not access,https://www.karo.bio,Error: HTTP <urlopen error [Errno -2] Name or service not known>,Europe,Healthcare Services,Error,HTTP <urlopen error [Errno -2] Name or service not known>,Discovered,2025-07-21 10:33:47
Unknown Company,https://www.karolinska.se,No description available,Sweden,Healthcare Services,Active,200,Discovered,2025-07-21 10:33:48
Unknown Company,https://www.kedrion.com,No description available,Europe,AI/ML Healthcare,Active,200,Discovered,2025-07-21 10:33:50
Unknown Company,https://www.kern-pharma.com,No description available,Europe,AI/ML Healthcare,Active,200,Discovered,2025-07-21 10:33:51
Error - Could not access,https://www.kheiron-medical.com,Error: HTTP <urlopen error [Errno -5] No address associated with hostname>,Europe,Healthcare Services,Error,HTTP <urlopen error [Errno -5] No address associated with hostname>,Discovered,2025-07-21 10:33:52
Karolinska Institutet - ett medicinskt universitet,https://www.ki.se,Karolinska Institutet är ett av Europas största medicinska universitet. I Sverige har KI det största utbudet av medicinska utbildningar och står för den enskilt största andelen av den medicinska akademiska forskningen.,Sweden,AI/ML Healthcare,Active,200,Discovered,2025-07-21 10:33:56
Unknown Company,https://www.kranushealth.com/de/therapien/haeufiger-harndrang,No description available,Europe,AI/ML Healthcare,Active,200,Manual,2025-07-21 10:33:57
Unknown Company,https://www.kranushealth.com/de/therapien/inkontinenz,No description available,Europe,AI/ML Healthcare,Active,200,Manual,2025-07-21 10:33:58
Unknown Company,https://www.kry.de,No description available,Germany,AI/ML Healthcare,Active,200,Discovered,2025-07-21 10:34:00
Unknown Company,https://www.kth.se,No description available,Sweden,AI/ML Healthcare,Active,200,Discovered,2025-07-21 10:34:01
Unknown Company,https://www.labcorp.com,No description available,Europe,AI/ML Healthcare,Active,200,Discovered,2025-07-21 10:34:02
Error - Could not access,https://www.laboratorios-viñas.com,Error: HTTP <urlopen error [Errno -2] Name or service not known>,Europe,Healthcare Services,Error,HTTP <urlopen error [Errno -2] Name or service not known>,Discovered,2025-07-21 10:34:03
Unknown Company,https://www.lacer.es,No description available,Spain,AI/ML Healthcare,Active,200,Discovered,2025-07-21 10:34:08
Unknown Company,https://www.leica.com,No description available,Europe,Healthcare Services,Active,200,Discovered,2025-07-21 10:34:11
Unknown Company,https://www.leiden.edu,No description available,Europe,AI/ML Healthcare,Active,200,Discovered,2025-07-21 10:34:14
Unknown Company,https://www.leti.com,No description available,Europe,AI/ML Healthcare,Active,200,Discovered,2025-07-21 10:34:16
Error - Could not access,https://www.lilly.at,Error: HTTP HTTP Error 403: Forbidden,Austria,Healthcare Services,Error,HTTP HTTP Error 403: Forbidden,Discovered,2025-07-21 10:34:17
Unknown Company,https://www.livi.co.uk,No description available,United Kingdom,AI/ML Healthcare,Active,200,Discovered,2025-07-21 10:34:19
Unknown Company,https://www.livi.fr,No description available,France,AI/ML Healthcare,Active,200,Discovered,2025-07-21 10:34:20
Unknown Company,https://www.livongo.com,No description available,Europe,AI/ML Healthcare,Active,200,Discovered,2025-07-21 10:34:21
Error - Could not access,https://www.lonza.com,Error: HTTP HTTP Error 403: Forbidden,Europe,Healthcare Services,Error,HTTP HTTP Error 403: Forbidden,Discovered,2025-07-21 10:34:22
Unknown Company,https://www.ltu.se,No description available,Sweden,AI/ML Healthcare,Active,200,Discovered,2025-07-21 10:34:23
Unknown Company,https://www.lu.se,No description available,Sweden,AI/ML Healthcare,Active,200,Discovered,2025-07-21 10:34:25
Unknown Company,https://www.lumc.nl,No description available,Netherlands,AI/ML Healthcare,Active,200,Discovered,2025-07-21 10:34:27
Unknown Company,https://www.lundbeck.com,No description available,Europe,AI/ML Healthcare,Active,200,Discovered,2025-07-21 10:34:28
Unknown Company,https://www.lusofarmaco.it,No description available,Italy,AI/ML Healthcare,Active,200,Discovered,2025-07-21 10:34:31
Unknown Company,https://www.lut.fi,No description available,Finland,AI/ML Healthcare,Active,200,Discovered,2025-07-21 10:34:33
Unknown Company,https://www.maastrichtuniversity.nl,No description available,Netherlands,AI/ML Healthcare,Active,200,Discovered,2025-07-21 10:34:35
Unknown Company,https://www.mapatho.com,No description available,Europe,AI/ML Healthcare,Active,200,Discovered,2025-07-21 10:34:36
Unknown Company,https://www.mdxhealth.com,No description available,Europe,AI/ML Healthcare,Active,200,Discovered,2025-07-21 10:34:39
FMUP - Faculdade de Medicina da Universidade do Porto,https://www.med.up.pt,No description available,Portugal,AI/ML Healthcare,Active,200,Discovered,2025-07-21 10:34:43
Unknown Company,https://www.medatixx.de,No description available,Germany,AI/ML Healthcare,Active,200,Discovered,2025-07-21 10:34:46
Unknown Company,https://www.medaviz.com,No description available,Europe,AI/ML Healthcare,Active,200,Discovered,2025-07-21 10:34:47
Error - Could not access,https://www.medecinsdirect.fr,Error: HTTP <urlopen error [Errno -2] Name or service not known>,France,Healthcare Services,Error,HTTP <urlopen error [Errno -2] Name or service not known>,Discovered,2025-07-21 10:34:48
Unknown Company,https://www.medical-valley-emn.de,No description available,Germany,AI/ML Healthcare,Active,200,Discovered,2025-07-21 10:34:50
Unknown Company,https://www.medicalgorithmics.com,No description available,Europe,AI/ML Healthcare,Active,200,Discovered,2025-07-21 10:34:52
Unknown Company,https://www.medicalise.com,No description available,Europe,Healthcare Services,Active,200,Discovered,2025-07-21 10:34:53
Unknown Company,https://www.medicina.ulisboa.pt,No description available,Portugal,AI/ML Healthcare,Active,200,Discovered,2025-07-21 10:34:55
Unknown Company,https://www.medigene.com,No description available,Europe,AI/ML Healthcare,Active,200,Discovered,2025-07-21 10:34:58
Unknown Company,https://www.mediktor.com,No description available,Europe,Healthcare Services,Active,200,Discovered,2025-07-21 10:34:59
Unknown Company,https://www.mediqon.com,No description available,Europe,AI/ML Healthcare,Active,200,Discovered,2025-07-21 10:35:03
Unknown Company,https://www.medlanes.com,No description available,Europe,AI/ML Healthcare,Active,200,Discovered,2025-07-21 10:35:07
Error - Could not access,https://www.medopad.com,Error: HTTP <urlopen error [Errno -2] Name or service not known>,Europe,Healthcare Services,Error,HTTP <urlopen error [Errno -2] Name or service not known>,Discovered,2025-07-21 10:35:08
Unknown Company,https://www.medpace.com,No description available,Europe,AI/ML Healthcare,Active,200,Discovered,2025-07-21 10:35:09
Error - Could not access,https://www.medtech-switzerland.ch,Error: HTTP <urlopen error [Errno -2] Name or service not known>,Switzerland,Medical Devices,Error,HTTP <urlopen error [Errno -2] Name or service not known>,Discovered,2025-07-21 10:35:10
Unknown Company,https://www.medtech.nl,No description available,Netherlands,AI/ML Healthcare,Active,200,Discovered,2025-07-21 10:35:12
Unknown Company,https://www.medtech4health.se,No description available,Sweden,AI/ML Healthcare,Active,200,Discovered,2025-07-21 10:35:17
Unknown Company,https://www.menarini.com,No description available,Europe,AI/ML Healthcare,Active,200,Discovered,2025-07-21 10:35:20
Error - Could not access,https://www.merck.at,Error: HTTP The read operation timed out,Austria,Healthcare Services,Error,HTTP The read operation timed out,Discovered,2025-07-21 10:35:36
Error - Could not access,https://www.merckgroup.com,Error: HTTP The read operation timed out,Europe,Healthcare Services,Error,HTTP The read operation timed out,Discovered,2025-07-21 10:35:52
Error - Could not access,https://www.mesdocteurs.com,Error: HTTP <urlopen error timed out>,Europe,Healthcare Services,Error,HTTP <urlopen error timed out>,Discovered,2025-07-21 10:36:08
Error - Could not access,https://www.minddistraction.com,Error: HTTP <urlopen error [Errno -2] Name or service not known>,Europe,Healthcare Services,Error,HTTP <urlopen error [Errno -2] Name or service not known>,Discovered,2025-07-21 10:36:09
Unknown Company,https://www.mindmaze.com,No description available,Europe,AI/ML Healthcare,Active,200,Discovered,2025-07-21 10:36:13
Unknown Company,https://www.mirada-medical.com,No description available,Europe,AI/ML Healthcare,Active,200,Discovered,2025-07-21 10:36:14
Unknown Company,https://www.mithra.com,No description available,Europe,Healthcare Services,Active,200,Discovered,2025-07-21 10:36:16
Unknown Company,https://www.miun.se,No description available,Sweden,AI/ML Healthcare,Active,200,Discovered,2025-07-21 10:36:19
Unknown Company,https://www.molecularpartners.com,No description available,Europe,AI/ML Healthcare,Active,200,Discovered,2025-07-21 10:36:20
Error - Could not access,https://www.molmed.com,Error: HTTP <urlopen error [Errno 111] Connection refused>,Europe,Healthcare Services,Error,HTTP <urlopen error [Errno 111] Connection refused>,Discovered,2025-07-21 10:36:22
Unknown Company,https://www.mologen.com,No description available,Europe,AI/ML Healthcare,Active,200,Discovered,2025-07-21 10:36:26
Unknown Company,https://www.morphosys.com,No description available,Europe,AI/ML Healthcare,Active,200,Discovered,2025-07-21 10:36:27
Unknown Company,https://www.msd.at,No description available,Austria,AI/ML Healthcare,Active,200,Discovered,2025-07-21 10:36:29
Unknown Company,https://www.msd.es,No description available,Spain,AI/ML Healthcare,Active,200,Discovered,2025-07-21 10:36:30
Unknown Company,https://www.nanobiotix.com,No description available,Europe,AI/ML Healthcare,Active,200,Discovered,2025-07-21 10:36:32
Unknown Company,https://www.nedap-healthcare.com,No description available,Europe,AI/ML Healthcare,Active,200,Discovered,2025-07-21 10:36:35
Unknown Company,https://www.nesta.org.uk,No description available,United Kingdom,AI/ML Healthcare,Active,200,Discovered,2025-07-21 10:36:36
Unknown Company,https://www.newron.com,No description available,Europe,AI/ML Healthcare,Active,200,Discovered,2025-07-21 10:36:37
Unknown Company,https://www.newside.it,No description available,Italy,Healthcare Services,Active,200,Discovered,2025-07-21 10:36:39
Unknown Company,https://www.nictiz.nl,No description available,Netherlands,AI/ML Healthcare,Active,200,Discovered,2025-07-21 10:36:42
Unknown Company,https://www.normon.es,No description available,Spain,AI/ML Healthcare,Active,200,Discovered,2025-07-21 10:36:44
Unknown Company,https://www.novacyt.com,No description available,Europe,AI/ML Healthcare,Active,200,Discovered,2025-07-21 10:36:46
Unknown Company,https://www.novartis.at,No description available,Austria,AI/ML Healthcare,Active,200,Discovered,2025-07-21 10:36:47
Unknown Company,https://www.novartis.com,No description available,Europe,AI/ML Healthcare,Active,200,Discovered,2025-07-21 10:36:48
Error - Could not access,https://www.novo-nordisk.com,Error: HTTP <urlopen error [Errno 111] Connection refused>,Europe,Healthcare Services,Error,HTTP <urlopen error [Errno 111] Connection refused>,Discovered,2025-07-21 10:36:49
Unknown Company,https://www.nuvisan.com,No description available,Europe,AI/ML Healthcare,Active,200,Discovered,2025-07-21 10:36:50
Unknown Company,https://www.olympus.com,No description available,Europe,Healthcare Services,Active,200,Discovered,2025-07-21 10:36:53
Error - Could not access,https://www.omnidoc.com,Error: HTTP <urlopen error [Errno -2] Name or service not known>,Europe,Healthcare Services,Error,HTTP <urlopen error [Errno -2] Name or service not known>,Discovered,2025-07-21 10:36:54
Unknown Company,https://www.onxeo.com,No description available,Europe,AI/ML Healthcare,Active,200,Discovered,2025-07-21 10:36:58
Unknown Company,https://www.orexo.com,No description available,Europe,AI/ML Healthcare,Active,200,Discovered,2025-07-21 10:36:59
Unknown Company,https://www.orion.fi,No description available,Finland,AI/ML Healthcare,Active,200,Discovered,2025-07-21 10:37:01
"&#214;rebro universitet - utbildning, forskning och innovation",https://www.oru.se,&#214;rebro universitet &#228;r ett expansivt l&#228;ros&#228;te vars utbildning och forskning pr&#228;glas av modernitet och kvalitet och rankas h&#246;gt bland v&#228;rldens universitet!,Sweden,AI/ML Healthcare,Active,200,Discovered,2025-07-21 10:37:03
Unknown Company,https://www.ose-immuno.com,No description available,Europe,AI/ML Healthcare,Active,200,Discovered,2025-07-21 10:37:04
Unknown Company,https://www.oticon.com,No description available,Europe,AI/ML Healthcare,Active,200,Discovered,2025-07-21 10:37:06
Unknown Company,https://www.oulu.fi,No description available,Finland,AI/ML Healthcare,Active,200,Discovered,2025-07-21 10:37:08
Unknown Company,https://www.owlstone.co.uk,No description available,United Kingdom,AI/ML Healthcare,Active,200,Discovered,2025-07-21 10:37:10
Unknown Company,https://www.oxfordnanopore.com,No description available,Europe,AI/ML Healthcare,Active,200,Discovered,2025-07-21 10:37:14
Unknown Company,https://www.oxurion.com,No description available,Europe,AI/ML Healthcare,Active,200,Discovered,2025-07-21 10:37:17
Unknown Company,https://www.parexel.com,No description available,Europe,AI/ML Healthcare,Active,200,Discovered,2025-07-21 10:37:18
Error - Could not access,https://www.peakapp.com,Error: HTTP HTTP Error 403: Forbidden,Europe,Digital Health,Error,HTTP HTTP Error 403: Forbidden,Discovered,2025-07-21 10:37:19
Unknown Company,https://www.perkinelmer.com,No description available,Europe,AI/ML Healthcare,Active,200,Discovered,2025-07-21 10:37:20
Unknown Company,https://www.pfizer.at,No description available,Austria,AI/ML Healthcare,Active,200,Discovered,2025-07-21 10:37:21
Unknown Company,https://www.pfizer.es,No description available,Spain,AI/ML Healthcare,Active,200,Discovered,2025-07-21 10:37:23
Unknown Company,https://www.pharmalex.com,No description available,Europe,AI/ML Healthcare,Active,200,Discovered,2025-07-21 10:37:24
Unknown Company,https://www.pharmasimple.com,No description available,Europe,AI/ML Healthcare,Active,200,Discovered,2025-07-21 10:37:26
Unknown Company,https://www.pharmatex.it,No description available,Italy,AI/ML Healthcare,Active,200,Discovered,2025-07-21 10:37:28
Unknown Company,https://www.philips.com/healthcare,No description available,Europe,AI/ML Healthcare,Active,200,Discovered,2025-07-21 10:37:30
Unknown Company,https://www.philogen.com,No description available,Europe,AI/ML Healthcare,Active,200,Discovered,2025-07-21 10:37:34
Unknown Company,https://www.pierre-fabre.com,No description available,Europe,AI/ML Healthcare,Active,200,Discovered,2025-07-21 10:37:35
Error - Could not access,https://www.pierrel.com,Error: HTTP <urlopen error [Errno 111] Connection refused>,Europe,Healthcare Services,Error,HTTP <urlopen error [Errno 111] Connection refused>,Discovered,2025-07-21 10:37:37
Unknown Company,https://www.polyphor.com,No description available,Europe,AI/ML Healthcare,Active,200,Discovered,2025-07-21 10:37:40
Unknown Company,https://www.ppd.com,No description available,Europe,AI/ML Healthcare,Active,200,Discovered,2025-07-21 10:37:41
Error - Could not access,https://www.pra-healthsciences.com,Error: HTTP <urlopen error [Errno -2] Name or service not known>,Europe,Healthcare Services,Error,HTTP <urlopen error [Errno -2] Name or service not known>,Discovered,2025-07-21 10:37:42
Unknown Company,https://www.progenity.com,No description available,Europe,AI/ML Healthcare,Active,200,Discovered,2025-07-21 10:37:43
Unknown Company,https://www.promethera.com,No description available,Europe,Healthcare Services,Active,200,Discovered,2025-07-21 10:37:45
Error - Could not access,https://www.prosensa.eu,Error: HTTP HTTP Error 404: Not Found,Europe,Healthcare Services,Error,HTTP HTTP Error 404: Not Found,Discovered,2025-07-21 10:37:46
Error - Could not access,https://www.push-doctor.co.uk,Error: HTTP <urlopen error [Errno -2] Name or service not known>,United Kingdom,Healthcare Services,Error,HTTP <urlopen error [Errno -2] Name or service not known>,Discovered,2025-07-21 10:37:47
Unknown Company,https://www.qare.fr,No description available,France,AI/ML Healthcare,Active,200,Discovered,2025-07-21 10:37:48
Unknown Company,https://www.quest.com,No description available,Europe,AI/ML Healthcare,Active,200,Discovered,2025-07-21 10:37:49
Unknown Company,https://www.radboudumc.nl,No description available,Netherlands,AI/ML Healthcare,Active,200,Discovered,2025-07-21 10:37:52
Unknown Company,https://www.recordati.com,No description available,Europe,AI/ML Healthcare,Active,200,Discovered,2025-07-21 10:37:55
Error - Could not access,https://www.regeneron.at,Error: HTTP <urlopen error timed out>,Austria,Healthcare Services,Error,HTTP <urlopen error timed out>,Discovered,2025-07-21 10:38:11
Error - Could not access,https://www.reig-jofre.com,Error: HTTP <urlopen error [Errno -2] Name or service not known>,Europe,Healthcare Services,Error,HTTP <urlopen error [Errno -2] Name or service not known>,Discovered,2025-07-21 10:38:12
Unknown Company,https://www.relief.ch,No description available,Switzerland,AI/ML Healthcare,Active,200,Discovered,2025-07-21 10:38:20
Unknown Company,https://www.resmed.fr,No description available,France,AI/ML Healthcare,Active,200,Discovered,2025-07-21 10:38:21
Unknown Company,https://www.roche.at,No description available,Austria,AI/ML Healthcare,Active,200,Discovered,2025-07-21 10:38:24
Unknown Company,https://www.roche.com,No description available,Europe,AI/ML Healthcare,Active,200,Discovered,2025-07-21 10:38:26
Unknown Company,https://www.rocket-internet.com,No description available,Europe,AI/ML Healthcare,Active,200,Discovered,2025-07-21 10:38:27
Unknown Company,https://www.rovi.es,No description available,Spain,AI/ML Healthcare,Active,200,Discovered,2025-07-21 10:38:29
Error - Could not access,https://www.rubio.es,Error: HTTP <urlopen error [Errno -2] Name or service not known>,Spain,Healthcare Services,Error,HTTP <urlopen error [Errno -2] Name or service not known>,Discovered,2025-07-21 10:38:30
Unknown Company,https://www.rug.nl,No description available,Netherlands,AI/ML Healthcare,Active,200,Discovered,2025-07-21 10:38:32
Unknown Company,https://www.sanofi.at,No description available,Austria,AI/ML Healthcare,Active,200,Discovered,2025-07-21 10:38:33
Unknown Company,https://www.sanofi.com,No description available,Europe,AI/ML Healthcare,Active,200,Discovered,2025-07-21 10:38:35
Unknown Company,https://www.santhera.com,No description available,Europe,AI/ML Healthcare,Active,200,Discovered,2025-07-21 10:38:36
Unknown Company,https://www.scienceindustries.ch,No description available,Switzerland,AI/ML Healthcare,Active,200,Discovered,2025-07-21 10:38:42
sensyne.com for sale,https://www.sensyne.com,No description available,Europe,AI/ML Healthcare,Active,200,Discovered,2025-07-21 10:38:43
Unknown Company,https://www.servier.com,No description available,Europe,AI/ML Healthcare,Active,200,Discovered,2025-07-21 10:38:45
Unknown Company,https://www.sh.se,No description available,Sweden,AI/ML Healthcare,Active,200,Discovered,2025-07-21 10:38:47
Unknown Company,https://www.shimadzu.com,No description available,Europe,AI/ML Healthcare,Active,200,Discovered,2025-07-21 10:38:48
Unknown Company,https://www.siemens-healthineers.com,No description available,Europe,AI/ML Healthcare,Active,200,Discovered,2025-07-21 10:38:49
Unknown Company,https://www.sigma-tau.it,No description available,Italy,Healthcare Services,Active,200,Discovered,2025-07-21 10:38:50
Unknown Company,https://www.sitra.fi,No description available,Finland,AI/ML Healthcare,Active,200,Discovered,2025-07-21 10:38:52
Unknown Company,https://www.skin-analytics.com,No description available,Europe,AI/ML Healthcare,Active,200,Discovered,2025-07-21 10:38:55
"Het laatste nieuws over de zorg. Snel, geïnformeerd, compleet - Skipr",https://www.skipr.nl,"Skipr verzorgt dagelijks het laatste nieuws over de zorg, voor de zorg. Iedere werkdag voor 8.00 verschijnt de Skipr daily en elke zondag versturen we het weekoverzicht de Skipr weekly. De site skipr.nl wordt de hele dag geüpdatet en is altijd bereikbaar.",Netherlands,AI/ML Healthcare,Active,200,Discovered,2025-07-21 10:38:57
Unknown Company,https://www.sobi.com,No description available,Europe,AI/ML Healthcare,Active,200,Discovered,2025-07-21 10:39:04
Error - Could not access,https://www.sonic-healthcare.com,Error: HTTP <urlopen error [Errno -2] Name or service not known>,Europe,Healthcare Services,Error,HTTP <urlopen error [Errno -2] Name or service not known>,Discovered,2025-07-21 10:39:05
Error - Could not access,https://www.spark.at,Error: HTTP <urlopen error [Errno 104] Connection reset by peer>,Austria,Healthcare Services,Error,HTTP <urlopen error [Errno 104] Connection reset by peer>,Discovered,2025-07-21 10:39:06
Error - Could not access,https://www.springermedizin.de,"Error: HTTP HTTP Error 302: The HTTP server returned a redirect error that would lead to an infinite loop.
The last 30x error message was:
Found",Germany,Healthcare Services,Error,"HTTP HTTP Error 302: The HTTP server returned a redirect error that would lead to an infinite loop.
The last 30x error message was:
Found",Discovered,2025-07-21 10:39:10
Unknown Company,https://www.su.se,No description available,Sweden,AI/ML Healthcare,Active,200,Discovered,2025-07-21 10:39:12
Scuola universitaria professionale della Svizzera italiana - SUPSI,https://www.supsi.ch,SUPSI è una scuola universitaria professionale riconosciuta dalla Confederazione Svizzera. Offre formazioni Bachelor e Master e corsi di Formazione continua.,Switzerland,AI/ML Healthcare,Active,200,Discovered,2025-07-21 10:39:14
Unknown Company,https://www.swissbiotech.org,No description available,Europe,AI/ML Healthcare,Active,200,Discovered,2025-07-21 10:39:16
Error - Could not access,https://www.syneos.com,Error: HTTP <urlopen error [SSL: SSLV3_ALERT_HANDSHAKE_FAILURE] ssl/tls alert handshake failure (_ssl.c:1029)>,Europe,Healthcare Services,Error,HTTP <urlopen error [SSL: SSLV3_ALERT_HANDSHAKE_FAILURE] ssl/tls alert handshake failure (_ssl.c:1029)>,Discovered,2025-07-21 10:39:17
Unknown Company,https://www.synlab.com,No description available,Europe,AI/ML Healthcare,Active,200,Discovered,2025-07-21 10:39:19
Unknown Company,https://www.taconic.com,No description available,Europe,AI/ML Healthcare,Active,200,Discovered,2025-07-21 10:39:20
Unknown Company,https://www.takeda.com,No description available,Europe,AI/ML Healthcare,Active,200,Discovered,2025-07-21 10:39:21
Unknown Company,https://www.techuk.org,No description available,Europe,AI/ML Healthcare,Active,200,Discovered,2025-07-21 10:39:23
Unknown Company,https://www.tecnico.ulisboa.pt,No description available,Portugal,AI/ML Healthcare,Active,200,Discovered,2025-07-21 10:39:27
Error - Could not access,https://www.tecnogen.it,Error: HTTP <urlopen error [Errno -3] Temporary failure in name resolution>,Italy,Healthcare Services,Error,HTTP <urlopen error [Errno -3] Temporary failure in name resolution>,Discovered,2025-07-21 10:39:32
Error - Could not access,https://www.tekes.fi,Error: HTTP <urlopen error [Errno -2] Name or service not known>,Finland,Healthcare Services,Error,HTTP <urlopen error [Errno -2] Name or service not known>,Discovered,2025-07-21 10:39:33
Unknown Company,https://www.telemedizin.de,No description available,Germany,AI/ML Healthcare,Active,200,Discovered,2025-07-21 10:39:35
Unknown Company,https://www.theraclion.com,No description available,Europe,AI/ML Healthcare,Active,200,Discovered,2025-07-21 10:39:37
Unknown Company,https://www.theravectys.com,No description available,Europe,AI/ML Healthcare,Active,200,Discovered,2025-07-21 10:39:39
Unknown Company,https://www.thermofisher.com,No description available,Europe,AI/ML Healthcare,Active,200,Discovered,2025-07-21 10:39:40
Unknown Company,https://www.tno.nl,No description available,Netherlands,AI/ML Healthcare,Active,200,Discovered,2025-07-21 10:39:41
Error - Could not access,https://www.topdoctors.es,Error: HTTP HTTP Error 403: Forbidden,Spain,Healthcare Services,Error,HTTP HTTP Error 403: Forbidden,Discovered,2025-07-21 10:39:42
Unknown Company,https://www.transgene.fr,No description available,France,AI/ML Healthcare,Active,200,Discovered,2025-07-21 10:39:44
Unknown Company,https://www.tudelft.nl,No description available,Netherlands,AI/ML Healthcare,Active,200,Discovered,2025-07-21 10:39:45
Unknown Company,https://www.tue.nl,No description available,Netherlands,AI/ML Healthcare,Active,200,Discovered,2025-07-21 10:39:48
Unknown Company,https://www.tuni.fi,No description available,Finland,AI/ML Healthcare,Active,200,Discovered,2025-07-21 10:39:51
Universidade de Aveiro - Universidade de Aveiro,https://www.ua.pt,Página inicial da Universidade de Aveiro,Portugal,AI/ML Healthcare,Active,200,Discovered,2025-07-21 10:39:53
Portal da Universidade Aberta &#8211; the single public digital university in Portugal,https://www.uab.pt,No description available,Portugal,AI/ML Healthcare,Active,200,Discovered,2025-07-21 10:39:58
Unknown Company,https://www.uac.pt,No description available,Portugal,AI/ML Healthcare,Active,200,Discovered,2025-07-21 10:39:59
Unknown Company,https://www.ualg.pt,No description available,Portugal,AI/ML Healthcare,Active,200,Discovered,2025-07-21 10:40:01
Unknown Company,https://www.ubi.pt,No description available,Portugal,AI/ML Healthcare,Active,200,Discovered,2025-07-21 10:40:03
Unknown Company,https://www.uc.pt,No description available,Portugal,AI/ML Healthcare,Active,200,Discovered,2025-07-21 10:40:04
Unknown Company,https://www.ucb.com,No description available,Europe,AI/ML Healthcare,Active,200,Discovered,2025-07-21 10:40:05
Unknown Company,https://www.uef.fi,No description available,Finland,AI/ML Healthcare,Active,200,Discovered,2025-07-21 10:40:07
Unknown Company,https://www.uevora.pt,No description available,Portugal,AI/ML Healthcare,Active,200,Discovered,2025-07-21 10:40:10
Unknown Company,https://www.ul.pt,No description available,Portugal,AI/ML Healthcare,Active,200,Discovered,2025-07-21 10:40:13
Error - Could not access,https://www.ultragenyx.at,Error: HTTP HTTP Error 525: <none>,Austria,Healthcare Services,Error,HTTP HTTP Error 525: <none>,Discovered,2025-07-21 10:40:14
Unknown Company,https://www.uma.pt,No description available,Portugal,AI/ML Healthcare,Active,200,Discovered,2025-07-21 10:40:17
Error - Could not access,https://www.umcg.nl,Error: HTTP HTTP Error 403: Forbidden,Netherlands,Healthcare Services,Error,HTTP HTTP Error 403: Forbidden,Discovered,2025-07-21 10:40:19
Unknown Company,https://www.umcutrecht.nl,No description available,Netherlands,AI/ML Healthcare,Active,200,Discovered,2025-07-21 10:40:21
Universidade do Minho,https://www.uminho.pt,​​​​​​​​​​​​​​​​​​​​​​​​​​​​​​​​​​​​​​​​​​​​​​​​​​Portal da Universidade do Minho​​​​​​​​​​​​​​​​​​​​​​​​​​​​​​​​​​​​​​​​​​​​​​​​​​​​​​​​​​​​​​​​​​​​​​​​​​​​​​​​​​​​​​​​​​​​​​​​​​​​​​​​​​​​​​​​​​​​​​​​​​​​​​​​​​​​​,Portugal,AI/ML Healthcare,Active,200,Discovered,2025-07-21 10:40:25
Unknown Company,https://www.umu.se,No description available,Sweden,AI/ML Healthcare,Active,200,Discovered,2025-07-21 10:40:26
Unknown Company,https://www.unibas.ch,No description available,Switzerland,AI/ML Healthcare,Active,200,Discovered,2025-07-21 10:40:29
Universität Bern,https://www.unibe.ch,"Die Universität Bern ist eine 1834 gegründete Volluniversität in der Stadt Bern, mit acht Fakultäten, rund 150 Instituten und 9 inter- und transdisziplinäre Kompetenzzentren.",Switzerland,AI/ML Healthcare,Active,200,Discovered,2025-07-21 10:40:31
Unknown Company,https://www.unifr.ch,No description available,Switzerland,AI/ML Healthcare,Active,200,Discovered,2025-07-21 10:40:34
Unknown Company,https://www.unige.ch,No description available,Switzerland,AI/ML Healthcare,Active,200,Discovered,2025-07-21 10:40:36
Unknown Company,https://www.unil.ch,No description available,Switzerland,AI/ML Healthcare,Active,200,Discovered,2025-07-21 10:40:38
Unknown Company,https://www.unilabs.com,No description available,Europe,AI/ML Healthcare,Active,200,Discovered,2025-07-21 10:40:40
Unknown Company,https://www.univercells.com,No description available,Europe,AI/ML Healthcare,Active,200,Discovered,2025-07-21 10:40:42
Unknown Company,https://www.up.pt,No description available,Portugal,AI/ML Healthcare,Active,200,Discovered,2025-07-21 10:40:43
Unknown Company,https://www.uriach.com,No description available,Europe,AI/ML Healthcare,Active,200,Discovered,2025-07-21 10:40:46
Unknown Company,https://www.usi.ch,No description available,Switzerland,AI/ML Healthcare,Active,200,Discovered,2025-07-21 10:40:48
Unknown Company,https://www.utad.pt,No description available,Portugal,AI/ML Healthcare,Active,200,Discovered,2025-07-21 10:40:51
Unknown Company,https://www.utu.fi,No description available,Finland,AI/ML Healthcare,Active,200,Discovered,2025-07-21 10:40:53
Unknown Company,https://www.utwente.nl,No description available,Netherlands,AI/ML Healthcare,Active,200,Discovered,2025-07-21 10:40:54
Unknown Company,https://www.uu.nl,No description available,Netherlands,Healthcare Services,Active,200,Discovered,2025-07-21 10:40:56
Unknown Company,https://www.uzh.ch,No description available,Switzerland,AI/ML Healthcare,Active,200,Discovered,2025-07-21 10:40:58
Unknown Company,https://www.valneva.com,No description available,Europe,AI/ML Healthcare,Active,200,Discovered,2025-07-21 10:41:00
Unknown Company,https://www.vertex.at,No description available,Austria,AI/ML Healthcare,Active,200,Discovered,2025-07-21 10:41:04
Unknown Company,https://www.vinnova.se,No description available,Sweden,AI/ML Healthcare,Active,200,Discovered,2025-07-21 10:41:06
Error - Could not access,https://www.vivy.com,Error: HTTP <urlopen error [Errno -2] Name or service not known>,Europe,Healthcare Services,Error,HTTP <urlopen error [Errno -2] Name or service not known>,Discovered,2025-07-21 10:41:07
Unknown Company,https://www.vtt.fi,No description available,Finland,AI/ML Healthcare,Active,200,Discovered,2025-07-21 10:41:09
"Amsterdam UMC, Locatie VUmc - Zorg",https://www.vumc.nl,No description available,Netherlands,AI/ML Healthcare,Active,200,Discovered,2025-07-21 10:41:11
Error - Could not access,https://www.waters.com,Error: HTTP The read operation timed out,Europe,Healthcare Services,Error,HTTP The read operation timed out,Discovered,2025-07-21 10:41:27
Error - Could not access,https://www.wilex.de,Error: HTTP <urlopen error [SSL: TLSV1_UNRECOGNIZED_NAME] tlsv1 unrecognized name (_ssl.c:1029)>,Germany,Healthcare Services,Error,HTTP <urlopen error [SSL: TLSV1_UNRECOGNIZED_NAME] tlsv1 unrecognized name (_ssl.c:1029)>,Discovered,2025-07-21 10:41:28
Unknown Company,https://www.william-demant.com,No description available,Europe,AI/ML Healthcare,Active,200,Discovered,2025-07-21 10:41:30
Unknown Company,https://www.zambon.com,No description available,Europe,Healthcare Services,Active,200,Discovered,2025-07-21 10:41:31
Unknown Company,https://www.zavamed.com,No description available,Europe,AI/ML Healthcare,Active,200,Discovered,2025-07-21 10:41:33
Error - Could not access,https://www.zealand-pharma.com,Error: HTTP HTTP Error 404: Not Found,Europe,Healthcare Services,Error,HTTP HTTP Error 404: Not Found,Discovered,2025-07-21 10:41:34
Unknown Company,https://www.zeiss.com,No description available,Europe,AI/ML Healthcare,Active,200,Discovered,2025-07-21 10:41:35
Error - Could not access,https://www.zeltia.com,Error: HTTP <urlopen error [Errno -3] Temporary failure in name resolution>,Europe,Healthcare Services,Error,HTTP <urlopen error [Errno -3] Temporary failure in name resolution>,Discovered,2025-07-21 10:41:44
Unknown Company,https://www.zhaw.ch,No description available,Switzerland,AI/ML Healthcare,Active,200,Discovered,2025-07-21 10:41:47
Unknown Company,https://www.zoe.com,No description available,Europe,AI/ML Healthcare,Active,200,Discovered,2025-07-21 10:41:48
Unknown Company,https://www.zorg-en-ict.nl,No description available,Netherlands,AI/ML Healthcare,Active,200,Discovered,2025-07-21 10:41:50
Unknown Company,https://www.zorgdomein.com,No description available,Europe,AI/ML Healthcare,Active,200,Discovered,2025-07-21 10:41:52
