name,website,description,location,category,subcategory,founded_year,employees,funding_amount,funding_stage,revenue,ceo,email,phone,linkedin,twitter,products,technology_stack,certifications,partnerships,awards,press_mentions,data_quality_score,last_updated,source,validation_status
HealthTEC.SG,https://www.healthtec.sg,Members/Partners Domain Experts Wearable Technology Artificial Intelligence VR/AR Medical Informatics Signals/Image Processing Tele Health Mental Health Gerontology Robotics Biosensors Membership Events Contact Us Ecosystem Innovations CONTACT US Accelerating health tech innovations through collaborations LEARN MORE LEARN MORE LEARN MORE LEARN MORE LEARN MORE Join Our Mailing List Subscribe to our newsletter for latest updates and information. (function() { window.mc4wp = window.,Europe,Wellness,Digital Therapeutics,,,,Seed,,of StretchSkin,contact@healthtec.sg,61501480889044,https://www.linkedin.com/company/healthtecsg/,,our services and wonderful team In many of the past HealthTEC.,"java, ai, ml",ce 2025,"Image Processing Tele Health Mental Health Gerontology Robotics Biosensors Membership Events Contact Us Ecosystem Innovations CONTACT US Accelerating health tech innovations through, have forged several, exemplary leadership to facilitate",,Featured in media coverage,96.0,2025-07-13 08:52:21,https://www.healthtec.sg,validated
deepcOS - The Radiology AI Operating System,https://www.deepc.ai/,OSÂ® Hub Centralized control and support for your deepcOSÂ® environment Gate Securely connect to your Healthcare IT systems and the AI Marketplace.,Munich USA,Healthcare IT,Medical Devices,,,,,,Avez Rizvi,contact@deepc.ai,1724871835,https://www.linkedin.com/company/deepchealth/,https://twitter.com/deepchealth?lang=en,the product deepcOS AIDA (v2.,"java, ai, ml",,"leading industry experts Blog Latest industry updates, cost effective and scalable way Orchestration Ensure scans are automatically sent to the right AI solution AI Marketplace Access commercial AI solutions from leading vendors Clinical Integrations Seamlessly integrate AI results with existing interfaces Data Privacy Ensure PHI remains private and under your control AI Evaluator Compare the performance of AI solutions for the same use case Why deepcOS CLINICAL INSTITUTIONS Radiologists Enrich your radiology workflow with AI Healthcare Management Generating attractive ROI with simplified AI deployment Data Protection Officers Ensure personal health information is secure Medical Research Groups Enabling medical imaging and AI research projects IT Departments Streamlining AI integration into the existing infrastructure Chief Information Officers Transforming your HIT with unparalleled information security and data governance PARTNERS AI, at scale HIT System Providers Enhance your medical imaging systems with leading AI Distribution Channels Strategically differentiate your business with AI AI Portfolio Events Learn FAQ Find simple answers to frequently asked questions about deepcOS Webinars Watch educational webinars created in",,Featured in media coverage,92.0,2025-07-13 08:47:37,https://www.deepc.ai/,validated
Doctolib | Buchen Sie Ihren Arzt- oder Therapietermin online,https://www.doctolib.de/,adding it. if (loadedInIframeOtherThanDoctolib) { const cookieDesc = Object.,"Berlin, Deutschland",Wellness,Nutrition,,,,IPO,,,paul.mustermann@mail.com,017331010203,https://www.linkedin.com/company/doctolib,,"our software to be able to share to the DMP\"",\""failed_cps_authentication\"":\""CPS-Authentifizierung fehlgeschlagen\"",\""closed_error_message\"":\""Patient closed his DMP\"",\""dmp_non_existent\"":\""DMP does","java, react, ai, ml","IEC 27001, IEC 27701, SÃ©curitÃ©, the","Getrennter, Verwitweter, Ihr Arzt ist",,Featured in media coverage,92.0,2025-07-13 08:48:24,https://www.doctolib.de/,validated
Nect,https://www.nect.com/,Reference Press Careers at Nect Careers at Nect Support Business enquiry NECT NECT Products All Products Nect Ident Nect Sign eID Function Company About Us Reference Press Careers at Nect Careers at Nect Support Business enquiry Your digital identity â€“ made by Nect We are shaping the future of digital identity. Trust in Nect's unique technology. View product Our Product Nect Ident.,by Germany,Digital Health,AI/ML Healthcare,,,,,,and CEO,home-product@2x.png,1331065474,https://www.linkedin.com/company/nect.com/,https://twitter.com/nicetonectyou,Our Product Nect Ident.,ai,,the Venture Capital Fonds ALSTIN Capital with Managing, View product Trusted and,Featured in media coverage,92.0,2025-07-13 08:51:52,https://www.nect.com/,validated
Produktionsoptimierung | Nuveon Gmbh,https://www.nuveon.de/,Nuveon GmbH bietet IIoT LÃ¶sungen fÃ¼r alle Produktions- und Vertriebsschritte,"Munich, Germany",Digital Health,Healthcare Technology,,,,IPO,,,support@nuveon.de,2545352419,https://www.linkedin.com/company/nuveon-gmbh,https://twitter.com/nuveon?lang=en,"our App"",""name"":""Responsive Support"",""id"":""7f401445-f13e-4b93-8266-b51640c2aa48""},{""description"":""Add up to 3 slides for free or an unlimited number of slides to your site to show more inviting pictur","java, react, aws, ai, ml",,ssiger,"de\/"",""currLangIsOriginal"":true,""homePageTitle"":""Home"",""businessName"":""nuveon GmbH"",""businesDescription"":""Nuveon is a full-service provider for",Featured in media coverage,88.0,2025-07-13 08:47:35,https://www.nuveon.de/,validated
Telehealth &amp; Telemedicine Provider | Teladoc Health,https://www.teladoc.com/,Explore career opportunities and resources for providers. Clinical Leadership Who we are Meet our leadership team and explore their roles.,Europe,Wellness,Telemedicine,,,,,,of the,,2147483647,https://www.linkedin.com/company/teladoc-health,https://www.twitter.com/teladochealth,Our Approach Connected Care Partners Resource Center Events About Us Our Impact Contact Us Achieving diabetes remission A1c levels with complete cardiometabolic health support Read more Clinicians Our,"java, aws, ai, ml",,"Organizations, Health Systems Enabling virtual care at scale from hospital to home Solutions Overview Virtual Care Platform Emergency Services Telestroke Inpatient Services Virtual Nursing Virtual Sitting Outpatient Services Devices Explore Our Approach Connected Care", Mental Health member Watch this short video Recent,Featured in media coverage,88.0,2025-07-13 08:47:58,https://www.teladoc.com/,validated
"VR Therapy for Clinics, Rehab Centers &amp; Practices",https://cureosity.com/,"Careers Privacy policy Contact Imprint Â©2025 CUREosity GmbH Terms Privacy Cookies document.addEventListener('DOMContentLoaded', function() { var kontaktButton = document.getElementById('kontakt-button'); if (kontaktButton) { kontaktButton.",Germany and,Healthcare Services,Rehabilitation,,,,,,,info@cureosity.de,63063165468668,https://www.linkedin.com/company/cureosity-gmbh/,,"the system enables flexible and resource efficient therapy planning in individual, group, or parallel sessions.",ai,,,,Featured in media coverage,88.0,2025-07-13 08:48:04,https://cureosity.com/,validated
Telehealth &amp; Telemedicine Provider | Teladoc Health,https://www.teladochealth.com,Explore career opportunities and resources for providers. Clinical Leadership Who we are Meet our leadership team and explore their roles.,Europe,Wellness,Telemedicine,,,,,,of the,,2147483647,https://www.linkedin.com/company/teladoc-health,https://www.twitter.com/teladochealth,Our Approach Connected Care Partners Resource Center Events About Us Our Impact Contact Us Achieving diabetes remission A1c levels with complete cardiometabolic health support Read more Clinicians Our,"java, aws, ai, ml",,"Organizations, Health Systems Enabling virtual care at scale from hospital to home Solutions Overview Virtual Care Platform Emergency Services Telestroke Inpatient Services Virtual Nursing Virtual Sitting Outpatient Services Devices Explore Our Approach Connected Care", Mental Health member Watch this short video Recent,Featured in media coverage,88.0,2025-07-13 08:48:43,https://www.teladochealth.com,validated
Homepage - Feedback Medical,https://www.feedbackmedical.com/,"we provided the GPâ€™s perspective to the team from the beginning. Our feedback was key to shaping the end-to-end process which is now streamlined, straightforward and well executed.",Europe,Digital Health,Interoperability,,,,,,,sales@fbkmed.com,1744189800,https://www.linkedin.com/company/feedback-medical-ltd,https://twitter.com/FBKmed,our service in our emergency department&#8230; Any reduction in the time taken to review patients and help to improve their journey through the hospital is crucial when every second counts.,"ai, ml",,"colleagues, This supports more flexible, robust secure and compliant chat function enabling asynchronous",,Featured in media coverage,88.0,2025-07-13 08:51:05,https://www.feedbackmedical.com/,validated
Homepage - Feedback Medical,https://www.feedbackmedical.com,"we provided the GPâ€™s perspective to the team from the beginning. Our feedback was key to shaping the end-to-end process which is now streamlined, straightforward and well executed.",Europe,Digital Health,Interoperability,,,,,,,sales@fbkmed.com,1744189800,https://www.linkedin.com/company/feedback-medical-ltd,https://twitter.com/FBKmed,our service in our emergency department&#8230; Any reduction in the time taken to review patients and help to improve their journey through the hospital is crucial when every second counts.,"ai, ml",,"colleagues, This supports more flexible, robust secure and compliant chat function enabling asynchronous",,Featured in media coverage,88.0,2025-07-13 08:51:11,https://www.feedbackmedical.com,validated
Teladoc Health Canada,https://www.teladochealth.ca,committed to supporting Canadian hospitals and health systems through our innovative virtual care platform and devices. Get started (opens a new window) Our team from across Canada is proudly serving over 9 million Canadians from coast to coast to coast.,Europe,Digital Health,Telemedicine,,,,Seed,,,hhsengage@teladochealth.com,18688404314,https://www.linkedin.com/company/teladoc-health-canada,,"our services before\""],\""validationRules\"":[{\""type\"":\""required\"",\""message\"":\""Please specify how you heard about us\""}],\""conditionalFieldVisibility\"":\""$undefined\""},{\""id\"":\""howCanWeHelp\"",\""typ","aws, ai, ml",,"us LinkedIn, Indigenous individuals, us",,Featured in media coverage,88.0,2025-07-13 08:51:20,https://www.teladochealth.ca,validated
Data4Life â€“ Digital solutions for a healthier world,https://www.data4life.care/,Our projects Our solutions Submenu D4L Collect Sensor Data Collection Platform D2E Integrate Health Data Management Solution D2E Analyze Health Data Analytics Studio D4L FAIR Health Research Metadata Catalog Knowledge We make data ready for research to build a healthier world. Nonprofit. Digital.,Berlin from,Digital Health,Wearables,,,,IPO,,,sesaram-copy@3x.png,1670318521,https://www.linkedin.com/company/data4life,https://twitter.com/Data4Life_D4L,Our solutions Submenu D4L Collect Sensor Data Collection Platform D2E Integrate Health Data Management Solution D2E Analyze Health Data Analytics Studio D4L FAIR Health Research Metadata Catalog Knowl,"ai, ml",,"us Our digital solutions at, Together with our, We work with renowned",,Featured in media coverage,88.0,2025-07-13 08:51:27,https://www.data4life.care/,validated
Data4Life â€“ Digital solutions for a healthier world,https://www.data4life.care,Our projects Our solutions Submenu D4L Collect Sensor Data Collection Platform D2E Integrate Health Data Management Solution D2E Analyze Health Data Analytics Studio D4L FAIR Health Research Metadata Catalog Knowledge We make data ready for research to build a healthier world. Nonprofit. Digital.,Berlin from,Digital Health,Wearables,,,,IPO,,,sesaram-copy@3x.png,1670318521,https://www.linkedin.com/company/data4life,https://twitter.com/Data4Life_D4L,Our solutions Submenu D4L Collect Sensor Data Collection Platform D2E Integrate Health Data Management Solution D2E Analyze Health Data Analytics Studio D4L FAIR Health Research Metadata Catalog Knowl,"ai, ml",,"us Our digital solutions at, Together with our, We work with renowned",,Featured in media coverage,88.0,2025-07-13 08:51:40,https://www.data4life.care,validated
medisana - Your health in good hands,https://www.medisana.com/,"constantly producing new health products for the different areas of health control, which are equipped with a simple operation and convince with proper results. However, our focus is not only on medical devices, products for your own well-being are also part of our portfolio.",Germany Netherlands,Pharmaceuticals,Medical Devices,1982,,,,,,medisana-favicon@3x.png,7136175759,,,our products.,"java, ai, ml","ce 1982, ce 1982",,"2024,  The Plus X Award has recognised the LM 100 as the Peris performance",Featured in media coverage,88.0,2025-07-13 08:51:48,https://www.medisana.com/,validated
medisana - Your health in good hands,https://www.medisana.com,"constantly producing new health products for the different areas of health control, which are equipped with a simple operation and convince with proper results. However, our focus is not only on medical devices, products for your own well-being are also part of our portfolio.",Germany Netherlands,Pharmaceuticals,Medical Devices,1982,,,,,,medisana-favicon@3x.png,7136175759,,,our products.,"java, ai, ml","ce 1982, ce 1982",,"2024,  The Plus X Award has recognised the LM 100 as the Peris performance",Featured in media coverage,88.0,2025-07-13 08:52:18,https://www.medisana.com,validated
In der Life Sciences Kommunikation sind wir einzigartig | BI,https://www.biocom.de,able to offer. Essential Website Cookies These cookies are strictly necessary to provide you with services available through our website and to use some of its features.,Essential Website,Biotechnology,Healthcare Technology,2024,,,IPO,,,,31536000000,https://www.linkedin.com/company/3946034/,,the services we are able to offer.,"java, ai, ml",,,,,88.0,2025-07-13 08:55:42,https://www.biocom.de,validated
Medical Fair Thailand 2025,https://www.medicalfair-thailand.com,"Medical Fair Thailand 2025 --> (function(w,d,s,l,i){w[l]=w[l]||[];w[l].","DÃ¼sseldorf, Europe",Healthcare Services,Rehabilitation,2003,,,,,,medicalfair-thailand@mda.com.sg,10008850948708,https://www.linkedin.com/company/medicalfairthailand/,,,"java, ai, ml","ce 2025, ce 2025, ce 2003","News Press Releases Industry News Media, News Press Releases Industry News Media, dynamic environment for",,Featured in media coverage,88.0,2025-07-13 08:55:45,https://www.medicalfair-thailand.com,validated
Auta Health,https://www.auta.health/,"G-K5K30JJ0GY', 'auto'); ga('send', 'pageview'); Belegungsmanagement Warum Auta Health Ãœber Uns Kontakt ğŸ† Auta Health wÃ¼nscht einen guten Start in das Jahr 2024!",Europe,Digital Health,Healthcare Technology,2024,,,,,,AutaHealthDemo@medigital.io,65807915544,https://www.linkedin.com/company/medigitalcompany/?viewAsMember=true,,,ai,,Netzwerk und,,,84.0,2025-07-13 08:47:36,https://www.auta.health/,validated
Aurora Nutrio - Deine All-in-One Tracking-LÃ¶sung,https://shop.getnutrio.com/,using a spacing inspired from frameworks like Tailwind CSS. * --------------------------------------------------------------------- */ --spacing-0-5: 0.,Essenzielle Cookies,Digital Health,Healthcare Technology,,,,,,,contact@aurora-nutrio.com,1619772414,,,"the productId matches ""9689652756748"" const matchingItem = loopProps.","java, ai, ml",,"gemeinsam mit unserem, gemeinsam mit unserem",,Featured in media coverage,84.0,2025-07-13 08:47:57,https://shop.getnutrio.com/,validated
Improve AI model performance with life sciences data network,https://www.apheris.com,State-of-the-art AI models will be trained and evaluated on unique data from multiple biopharma companies without exposing proprietary information.,Europe,Pharmaceuticals,Drug Discovery,,,,,,,,1752322529994,https://linkedin.com/company/apheris,,"our product Trusted by our customers and partners What our customers and partners say about us â€œ Through the AISB Network we can collaborate on data with other pharma partners, exploring the hypothesi","react, ai, ml",,"an unprecedented, Learn more about our product Trusted by our customers and partners What our customers and, Through the AISB Network we can collaborate on data with other pharma",,,84.0,2025-07-13 08:48:14,https://www.apheris.com,validated
IBM Products,https://www.ibm.com/watson/health/,"The place to shop for software, hardware and services from IBM and our providers. Browse by technologies, business needs and services.",Europe,Digital Health,AI/ML Healthcare,,,,Series A,,,,1735844232109,"https://www.linkedin.com/company/ibm&#34;},{&#34;title&#34;:&#34;X&#34;,&#34;url&#34;:&#34;https://www.twitter.com/ibm&#34;},{&#34;title&#34;:&#34;Instagram&#34;,&#34;url&#34;:&#34;https://www.instagram.com/ibm&#34;},{&#34;title&#34;:&#34;YouTube&#34;,&#34;url&#34;:&#34;https://www.youtube.com/@IBM&#34;},{&#34;title&#34;:&#34;Podcasts&#34;,&#34;url&#34;:&#34;https://www.ibm.com/think/podcasts&#34;}]},{&#34;title&#34;:&#34;Connect&#34;,&#34;links&#34;:[{&#34;title&#34;:&#34;Business","https://www.twitter.com/ibm&#34;},{&#34;title&#34;:&#34;Instagram&#34;,&#34;url&#34;:&#34;https://www.instagram.com/ibm&#34;},{&#34;title&#34;:&#34;YouTube&#34;,&#34;url&#34;:&#34;https://www.youtube.com/@IBM&#34;},{&#34;title&#34;:&#34;Podcasts&#34;,&#34;url&#34;:&#34;https://www.ibm.com/think/podcasts&#34;}]},{&#34;title&#34;:&#34;Connect&#34;,&#34;links&#34;:[{&#34;title&#34;:&#34;Business","our applications, data and events\x22},\x22groups\x22:[{\x22heading\x22:{\x22title\x22:\x22\x22,\x22description\x22:\x22\x22},\x22links\x22:[{\x22title\x22:\x22API Connect\x22,\x22url\x22:\x22https:\/","kubernetes, ai, ml",,,"lnk=flatitem\x22,\x22description\x22:\x22API for real\u002Dtime speech",,84.0,2025-07-13 08:48:47,https://www.ibm.com/watson/health/,validated
"Providing simpler, smarter, more personal healthcare for all",https://www.medbelle.com/,"We deliver seamless care through a unique combination of personal support and advanced technology. Our Patient Care Advisers guide patients through every step, while our digital platform improves efficiency and transparency.",the UK,Digital Health,Practice Management,,,,,,,care@medbelle.com,020-34119171,,https://twitter.com/Medbelle,our platform ensures efficiency and transparency.,"java, aws, ai, ml",,"Aberdeen Orthopaedics is an excellent example of this and has already helped almost, Physio First to change the way patients use healthcare and create, Aberdeen Orthopaedics is an excellent example of this and has already helped almost",,Featured in media coverage,84.0,2025-07-13 08:49:46,https://www.medbelle.com/,validated
Preventicus GmbH - Preventicus Heartbeats - HerzrhythmusstÃ¶r,https://www.preventicus.com/,"FÃ¼rAnwender FÃ¼rÃ„rzte FÃ¼r Kranken-versicherungen Messen Sie Ihren Herzrhythmus in EKG-vergleichbarer QualitÃ¤t. RegelmÃ¤ÃŸig. Die hÃ¤ufigste HerzrhythmusstÃ¶rung ist das Vorhofflimmern. Jeder Vierte wird es im Laufe seines Lebens bekommen, die Wahrscheinlichkeit steigt besonders ab einem Lebensalter von 65 Jahren, sowie bereits ab 55 Jahren bei Vorliegen weiterer Risikofaktoren (z.B. Bluthochdruck, Diabetes, frÃ¼here Herz-Kreislauf-Ereignisse).* HerzrhythmusstÃ¶rungen sind nicht immer [&hellip;]",Datenschutzeinstellungen Essenziell,Digital Health,Healthcare Technology,,,,,,,info@preventicus.com,1750664688,https://www.linkedin.com/company/preventicus/,https://twitter.com/_preventicus,,"ai, ml",ISO 13485,"STARKE ALLIANZEN Erfolg mit, llung unseres Versorgungsauftrages gepaart mit schnellem Wachstum geht nur mit guten",,Featured in media coverage,84.0,2025-07-13 08:49:55,https://www.preventicus.com/,validated
Aesthetic Clinic Software | Medical Record system | Clinicmi,https://www.clinicminds.com/,truly amazed at how quick you always respond to all our questions. Your service is what every company should strive towardsâ€¦and you can quote me on that!,"London, UK",Digital Health,Healthcare Technology,,,,,,Barbara Rossi,,24956593556596,,,our productivity.,"aws, ai, ml",,clinic manager and business,,,84.0,2025-07-13 08:51:29,https://www.clinicminds.com/,validated
Buy your needs for the fair | COMPAMED 2025,https://www.oos.compamed.de,Inform yourself about the Buy your needs for the fair on the COMPAMED 2025 for exhibitors.,"DÃ¼sseldorf, Europe",Digital Health,Healthcare Technology,,,,,,,onlinesupport@messe-duesseldorf.de,1752396829,,,our products to feature.,"java, ai, ml",,"Service, Service, Your order stock is grouped by service",,,84.0,2025-07-13 08:53:50,https://www.oos.compamed.de,validated
Buy your needs for the fair | REHACARE 2025,https://www.oos.rehacare.com,Inform yourself about the Buy your needs for the fair on the REHACARE 2025 for exhibitors.,"DÃ¼sseldorf, Europe",Digital Health,Healthcare Technology,,,,,,,onlinesupport@messe-duesseldorf.de,1752396939,,,our products to feature.,"java, ai, ml",,"Service, Service, Your order stock is grouped by service",,,84.0,2025-07-13 08:55:40,https://www.oos.rehacare.com,validated
Buy your needs for the fair | REHACARE 2025,https://www.oos.rehacare.de,Inform yourself about the Buy your needs for the fair on the REHACARE 2025 for exhibitors.,"DÃ¼sseldorf, Europe",Digital Health,Healthcare Technology,,,,,,,onlinesupport@messe-duesseldorf.de,1752396977,,,our products to feature.,"java, ai, ml",,"Service, Service, Your order stock is grouped by service",,,84.0,2025-07-13 08:56:18,https://www.oos.rehacare.de,validated
Top-Jobs Pflege &amp; Medizin Plattform | MEDWING,https://www.medwing.com/,"OfBeds\"":\""Betten\"",\""numberOfPatients\"":\""Patienten\"",\""jobDescription\"":\""Jobbeschreibung\"",\""locationModalTitle\"":\""Standort\"",\""benefits\"":\""Einrichtungsvorteile\"",\""apply\"":\""Schnellbewerbung\"",\""getDirectionButton\"":\""Anfahrt\"",\""addressPlaceholder\"":\""Adresse, z.",Hamburg Berlin,Wellness,Fitness,2024,,,Seed,,,,1622-8633435,https://www.linkedin.com/company/medwing/,,,"java, ai, ml",,"wir sind Dein, ber eine unserer, wir sind Dein",,,80.0,2025-07-13 08:47:52,https://www.medwing.com/,validated
ottonova - Die Versicherung fÃ¼rs mobile Zeitalter. | ottonov,https://www.ottonova.de/,"Offer"",""itemOffered"":{""@type"":""Service"",""name"":""Expat First Class"",""description"":""German Health Insurance.",Versicherung Deutschlands,Digital Health,Healthcare Technology,,,,,,,support@ottonova.de,17647058824,https://www.linkedin.com/company/ottonova-ag,,,"ai, ml",,"Erfahre jetzt mehr Digitaler Arztbesuch Videosprechstunde mit unserem, ber ottonova Erfahrungen Nachhaltigkeit Jobs Presse, ber ottonova Erfahrungen Nachhaltigkeit Jobs Presse",,Featured in media coverage,80.0,2025-07-13 08:49:06,https://www.ottonova.de/,validated
Top-Jobs Pflege &amp; Medizin Plattform | MEDWING,https://www.medwing.com,"OfBeds\"":\""Betten\"",\""numberOfPatients\"":\""Patienten\"",\""jobDescription\"":\""Jobbeschreibung\"",\""locationModalTitle\"":\""Standort\"",\""benefits\"":\""Einrichtungsvorteile\"",\""apply\"":\""Schnellbewerbung\"",\""getDirectionButton\"":\""Anfahrt\"",\""addressPlaceholder\"":\""Adresse, z.",Hamburg Berlin,Wellness,Fitness,2024,,,Seed,,,,1622-8633435,https://www.linkedin.com/company/medwing/,,,"java, ai, ml",,"wir sind Dein, ber eine unserer, wir sind Dein",,,80.0,2025-07-13 08:49:15,https://www.medwing.com,validated
Gesundheitsplattform &amp; Vermittlung von klinischen Studie,https://www.mondosano.de/,"PostalAddress"",""streetAddress"":""Hans-Henny-Jahnn-Weg 53"",""addressLocality"":""Hamburg"",""postalCode"":""22085"",""addressCountry"":""Deutschland""}},{""@type"":[""CommunityHealth"",""Organization""],""@id"":""https://www.",Datenschutzeinstellungen Essenziell,Digital Health,Healthcare Technology,,,,IPO,,,info@mondosano.de,0800 5890208,https://www.linkedin.com/company/mondosano',,,"ai, ml",,Krankenkassen und weiteren medizinischen,,Featured in media coverage,80.0,2025-07-13 08:50:25,https://www.mondosano.de/,validated
MEDIAN Group - HÃ¶chste BehandlungsqualitÃ¤t und moderne Verso,https://www.median-group.com,Spanien path {fill: #DBBF00;} Unsere Standorte Land Land auswÃ¤hlen MEDIAN Deutschland Priory Vereinigtes KÃ¶nigreich Hestia Health Spanien MEDIAN Group 410 Einrichtungen 3 LÃ¤nder MEDIAN Deutschland 122 Einrichtungen ~18.,in Deutschland,Healthcare Services,Rehabilitation,,,,IPO,,Noelle Group,info@median-group.com,6666666667,,,,"java, ai, ml",,,,Featured in media coverage,80.0,2025-07-13 08:51:03,https://www.median-group.com,validated
medbo - Medizinische Einrichtungen des Bezirks Oberpfalz,https://www.medbo.de,Medizinische und pflegerische Versorgung in den Fachbereichen Neurologie sowie Psychiatrie &amp; Psychotherapie fÃ¼r die Menschen allen Alters in der Oberpfalz.,Poliklinik UKR,Healthcare Services,Rehabilitation,,,,,,,georg.hoegerl@medbo.de,1731675196,https://www.linkedin.com/company/bezirksklinikum-regensburg-medbo-gmbh-,,,"java, ai, ml",,,,Featured in media coverage,80.0,2025-07-13 08:51:34,https://www.medbo.de,validated
Home Health &amp; Wellness Devices - Medisana,https://www.medisana.com.my,"Home Health &amp; Wellness Devices - Medisana {""@context"":""https://schema.",Vietnam Germany,Wellness,Healthcare Technology,,,,,,,ben.lau@featured.com.hk,1732548086349,https://www.linkedin.com/company/medisana-far-east-limited/,,,"ai, ml",,," Quality Care for Every Individual, Every Family Care That Connects: For You And Your Family Quality Care For Every Individual, Every Family Featured Products Trusted Health &amp; Wellness Devices for Your Home Health Control Therapy &amp; Healthy Home Wellness Sports Personal Care What's New [data-etheme_slide_template_id='7723']{background-repeat:no-repeat;background-position:center center;background-size:cover;display: flex;align-items: center;justify-content: center }[data-etheme_slide_template_id='7723'] > [data-elementor-id]{flex: 1; }[data-etheme_slide_template_id='7723']{background-repeat:no-repeat;background-position:center center;background-size:cover;display: flex;align-items: center;justify-content: center }[data-etheme_slide_template_id='7723'] > [data-elementor-id]{flex: 1; }[data-etheme_slide_template_id='7723']{background-repeat:no-repeat;background-position:center center;background-size:cover;display: flex;align-items: center;justify-content: center }[data-etheme_slide_template_id='7723'] > [data-elementor-id]{flex: 1; }[data-etheme_slide_template_id='7723']{background-repeat:no-repeat;background-position:center center;background-size:cover;display: flex;align-items: center;justify-content: center }[data-etheme_slide_template_id='7723'] > [data-elementor-id]{flex: 1; }[data-etheme_slide_template_id='7723']{background-repeat:no-repeat;background-position:center center;background-size:cover;display: flex;align-items: center;justify-content: center }[data-etheme_slide_template_id='7723'] > [data-elementor-id]{flex: 1; } medisana Honored with Plus X Award 2024 for Highest Customer Satisfaction Learn More > medisana Honored with Plus X Award 2024 for Highest Customer Satisfaction Learn More > medisana Honored with Plus X Award 2024 for Highest Customer Satisfaction Learn More > medisana Honored with Plus X Award 2024 for Highest Customer Satisfaction Learn More > medisana Honored with Plus X Award 2024 for Highest Customer Satisfaction Learn More > medisana Celebrates 7th Achievement at German Brand Award 2024 Learn More > medisana Honored with Plus X, inOut"",""pE"":""n"",""x"":[""inherit"",""inherit"",""inherit"",""inherit"",""inherit""],""y"":[""inherit"",""inherit"",""inherit"",""inherit"",""inherit""],""o"":0,""xRe"":0,""yRe"":0,""off"":1}]}}},""p"":{""t"":[0,0,0,0,0],""b"":[0,0,0,0,0],""l"":[0,0,0,0,0],""r"":[0,0,0,0,0]},""m"":{""t"":[0,0,0,0,0],""b"":[0,0,0,0,0],""l"":[0,0,0,0,0],""r"":[0,0,0,0,0]},""lh"":[""#a"",25,25,25,""13""],""spike"":{""use"":true,""l"":""none"",""r"":""none"",""lw"":""0%"",""rw"":""0%""},""type"":""container"",""content"":{""text"":""""},""toggle"":{""text"":""""}},""3"":{""fluid"":{""tx"":true,""tr"":true,""sp"":true},""id"":3,""alias"":""Content"",""content"":{""text"":""medisana Celebrates 7th Achievement at German Brand",Featured in media coverage,80.0,2025-07-13 08:53:02,https://www.medisana.com.my,validated
medisana.asia - German TrustedÂ Brand,https://www.medisana.asia,Embrace Healthy Living With medisana Your health matters.,Germany China,Wellness,Healthcare Technology,,,,,,,ben.lau@featured.com.hk,1732851170201,https://www.linkedin.com/company/medisana-far-east-limited/,,,"ai, ml",,,"default""> Products Health Control Blood Pressure Monitor Blood Glucose Monitor Thermometer Pulse Oximeter Body Scale Dietary Scale Therapy & Healthy Home Insect Bite Healer Inhaler Pain Therapy Air & Aroma Wellness Massage Seat Cover Massager Flexible Heat Foot Spa Sports Massage Gun Massage Roll Personal Care Skincare Device Cosmetics Mirror ecomed by medisana ecomed &#8211; Wellness Smart App VitaDock+ App VigorHub App Medisana Healthy Living App Health Blog Support Customer Support User Manual Warranty FAQ Hong Kong Australia Hong Kong Indonesia Korea Laos Malaysia New Zealand Philippines Singapore Taiwan Thailand Vietnam Germany China English English ç¹é«”ä¸­æ–‡ ç®€ä½“ä¸­æ–‡ Hong Kong Australia Hong Kong Indonesia Korea Laos Malaysia New Zealand Philippines Singapore Taiwan Thailand Vietnam Germany China English English ç¹é«”ä¸­æ–‡ ç®€ä½“ä¸­æ–‡ Brands Your Self-Care Specialist Effortless Wellbeing Products Health Control Blood Pressure Monitor Blood Glucose Monitor Thermometer Pulse Oximeter Body Scale Dietary Scale Therapy &amp; Healthy Home Insect Bite Healer Inhaler Pain Therapy Air &amp; Aroma Wellness Massage Seat Cover Massager Flexible Heat Foot Spa Sports Massage Gun Massage Roll Personal Care Skincare Device Cosmetics Mirror ecomed by medisana ecomed - Wellness Smart App VitaDock+ App VigorHub App Medisana Healthy Living App Health Blog Support Customer Support User Manual Warranty FAQ Search Care That Connects: For You And Your Family Quality Care for Every Individual, Every Family Care That Connects: For You And Your Family Quality Care For Every Individual, Every Family Featured Products Health Control Therapy &amp; Healthy Home Wellness Sports Personal Care What's New [data-etheme_slide_template_id='12666']{background-repeat:no-repeat;background-position:center center;background-size:cover;display: flex;align-items: center;justify-content: center }[data-etheme_slide_template_id='12666'] > [data-elementor-id]{flex: 1; }[data-etheme_slide_template_id='11270']{background-repeat:no-repeat;background-position:center center;background-size:cover;display: flex;align-items: center;justify-content: center }[data-etheme_slide_template_id='11270'] > [data-elementor-id]{flex: 1; }[data-etheme_slide_template_id='7723']{background-repeat:no-repeat;background-position:center center;background-size:cover;display: flex;align-items: center;justify-content: center }[data-etheme_slide_template_id='7723'] > [data-elementor-id]{flex: 1; } medisana Opens Southeast Asia Regional Office in Malaysia Learn More > medisana Malaysia Team Visits Local Elderly Homes to Promote Health Monitoring Learn More > medisana Honored with Plus X Award 2024 for Highest Customer Satisfaction Learn More > medisana Celebrates 7th Achievement at German Brand Award 2024 Learn More > medisana Honored with Plus X, inOut"",""pE"":""n"",""x"":[""inherit"",""inherit"",""inherit"",""inherit"",""inherit""],""y"":[""inherit"",""inherit"",""inherit"",""inherit"",""inherit""],""o"":0,""xRe"":0,""yRe"":0,""off"":1}]}}},""p"":{""t"":[0,0,0,0,0],""b"":[0,0,0,0,0],""l"":[0,0,0,0,0],""r"":[0,0,0,0,0]},""m"":{""t"":[0,0,0,0,0],""b"":[0,0,0,0,0],""l"":[0,0,0,0,0],""r"":[0,0,0,0,0]},""lh"":[""#a"",25,25,25,""13""],""spike"":{""use"":true,""l"":""none"",""r"":""none"",""lw"":""0%"",""rw"":""0%""},""type"":""container"",""content"":{""text"":""""},""toggle"":{""text"":""""}},""3"":{""fluid"":{""tx"":true,""tr"":true,""sp"":true},""id"":3,""alias"":""Content"",""content"":{""text"":""medisana Celebrates 7th Achievement at German Brand",Featured in media coverage,80.0,2025-07-13 08:53:36,https://www.medisana.asia,validated
medisana.asia - German TrustedÂ Brand,https://www.medisana.com.hk,Embrace Healthy Living With medisana Your health matters.,Germany China,Wellness,Healthcare Technology,,,,,,,ben.lau@featured.com.hk,1732851170201,https://www.linkedin.com/company/medisana-far-east-limited/,,,"ai, ml",,,"default""> Products Health Control Blood Pressure Monitor Blood Glucose Monitor Thermometer Pulse Oximeter Body Scale Dietary Scale Therapy & Healthy Home Insect Bite Healer Inhaler Pain Therapy Air & Aroma Wellness Massage Seat Cover Massager Flexible Heat Foot Spa Sports Massage Gun Massage Roll Personal Care Skincare Device Cosmetics Mirror ecomed by medisana ecomed &#8211; Wellness Smart App VitaDock+ App VigorHub App Medisana Healthy Living App Health Blog Support Customer Support User Manual Warranty FAQ Hong Kong Australia Hong Kong Indonesia Korea Laos Malaysia New Zealand Philippines Singapore Taiwan Thailand Vietnam Germany China English English ç¹é«”ä¸­æ–‡ ç®€ä½“ä¸­æ–‡ Hong Kong Australia Hong Kong Indonesia Korea Laos Malaysia New Zealand Philippines Singapore Taiwan Thailand Vietnam Germany China English English ç¹é«”ä¸­æ–‡ ç®€ä½“ä¸­æ–‡ Brands Your Self-Care Specialist Effortless Wellbeing Products Health Control Blood Pressure Monitor Blood Glucose Monitor Thermometer Pulse Oximeter Body Scale Dietary Scale Therapy &amp; Healthy Home Insect Bite Healer Inhaler Pain Therapy Air &amp; Aroma Wellness Massage Seat Cover Massager Flexible Heat Foot Spa Sports Massage Gun Massage Roll Personal Care Skincare Device Cosmetics Mirror ecomed by medisana ecomed - Wellness Smart App VitaDock+ App VigorHub App Medisana Healthy Living App Health Blog Support Customer Support User Manual Warranty FAQ Search Care That Connects: For You And Your Family Quality Care for Every Individual, Every Family Care That Connects: For You And Your Family Quality Care For Every Individual, Every Family Featured Products Health Control Therapy &amp; Healthy Home Wellness Sports Personal Care What's New [data-etheme_slide_template_id='12666']{background-repeat:no-repeat;background-position:center center;background-size:cover;display: flex;align-items: center;justify-content: center }[data-etheme_slide_template_id='12666'] > [data-elementor-id]{flex: 1; }[data-etheme_slide_template_id='11270']{background-repeat:no-repeat;background-position:center center;background-size:cover;display: flex;align-items: center;justify-content: center }[data-etheme_slide_template_id='11270'] > [data-elementor-id]{flex: 1; }[data-etheme_slide_template_id='7723']{background-repeat:no-repeat;background-position:center center;background-size:cover;display: flex;align-items: center;justify-content: center }[data-etheme_slide_template_id='7723'] > [data-elementor-id]{flex: 1; } medisana Opens Southeast Asia Regional Office in Malaysia Learn More > medisana Malaysia Team Visits Local Elderly Homes to Promote Health Monitoring Learn More > medisana Honored with Plus X Award 2024 for Highest Customer Satisfaction Learn More > medisana Celebrates 7th Achievement at German Brand Award 2024 Learn More > medisana Honored with Plus X, inOut"",""pE"":""n"",""x"":[""inherit"",""inherit"",""inherit"",""inherit"",""inherit""],""y"":[""inherit"",""inherit"",""inherit"",""inherit"",""inherit""],""o"":0,""xRe"":0,""yRe"":0,""off"":1}]}}},""p"":{""t"":[0,0,0,0,0],""b"":[0,0,0,0,0],""l"":[0,0,0,0,0],""r"":[0,0,0,0,0]},""m"":{""t"":[0,0,0,0,0],""b"":[0,0,0,0,0],""l"":[0,0,0,0,0],""r"":[0,0,0,0,0]},""lh"":[""#a"",25,25,25,""13""],""spike"":{""use"":true,""l"":""none"",""r"":""none"",""lw"":""0%"",""rw"":""0%""},""type"":""container"",""content"":{""text"":""""},""toggle"":{""text"":""""}},""3"":{""fluid"":{""tx"":true,""tr"":true,""sp"":true},""id"":3,""alias"":""Content"",""content"":{""text"":""medisana Celebrates 7th Achievement at German Brand",Featured in media coverage,80.0,2025-07-13 08:53:44,https://www.medisana.com.hk,validated
medisana â€“ Your health in good hands,https://www.medisana.nl,Aanmelden of Aanmelden Land Duitland Nederland Verenigd Koninkrijk Denemarken Spanje Frankrijk ItaliÃ« MaleisiÃ« Polen Zwitserland Finland Zweden China Hong Kong (CN) Rusland Service/help medisana Healthblog Internationaal Filosofie Vacatures .,Finland Zweden,Pharmaceuticals,Healthcare Technology,,,,,,,medisana-favicon@3x.png,1746710541,https://www.linkedin.com/company/medisana-benelux-n-v/,,,"java, ai, ml",,," De Plus X, image-slider-link { border-radius: 10px 10px 10px 10px; } Bildergalerie Ã¼berspringen Warmte To-Go De nieuwe warmtedekens Mini handmassageapparaat Modern en praktisch ontwerp medisana wint GBA 2025 Categorie Health &amp; Pharmaceuticals Bloeddrukmeter met connect Gegevensoverdracht per Bluetooth ONZE",Featured in media coverage,80.0,2025-07-13 08:53:52,https://www.medisana.nl,validated
medisana - Tu salud en buenas manos,https://www.medisana.es,medisanaÂ® - Tu salud en buenas manos - para una vida sin preocupaciones y bienestar personal. Simplemente explora y compra en | medisana.de.,Suiza Finlandia,Pharmaceuticals,Healthcare Technology,,,,,,,medisana-favicon@3x.png,1746710541,https://www.linkedin.com/company/medisana-spain/,,,"java, ai, ml",,," El Plus X,  El Plus X",Featured in media coverage,80.0,2025-07-13 08:54:00,https://www.medisana.es,validated
medisanaï½œå¾·åœ‹å¥åº·ç®¡ç†å°ˆå®¶ï½œå°ç£æ†éš†è¡Œç¸½ä»£ç†,https://www.tw-medisana.com,â€‹medisanaä½œç‚ºå¾·åœ‹å¥åº·ç®¡ç†å°ˆå®¶ï¼Œæ¨å‡ºçš„éœ‡å‹•æŒ‰æ‘©æ§ã€éœ‡å‹•æŒ‰æ‘©æ»¾ç­’ã€éœ‡å‹•æ»¾è¼ªèŠ±ç”Ÿçƒç­‰å¤šæ¨£é‹å‹•æŒ‰æ‘©é¡å•†å“ï¼Œäº«è­½æ­æ´²å·²40ä»¥ä¸Šã€‚æˆ‘å€‘æŒçºŒå°ˆæ³¨é–‹ç™¼é‹å‹•å°ˆæ¥­åŠå€‹äººå¥åº·ç®¡ç†å•†å“ã€‚medisanaæ›´æ–¼2018ã€2019ã€2020ã€2021ã€2022ã€2023ã€2024å¹´ï¼Œé€£çºŒ7å±†æ¦®ç²ã€Šå¾·åœ‹å“ç‰Œå¤§çã€‹æ®Šæ¦®ï¼Œç¢ºè­‰æ¥­ç•ŒåŠæ¶ˆè²»è€…å° medisana å…¨ç³»åˆ—ç”¢å“çš„ä¿¡å¿ƒèˆ‡è©•åƒ¹ï¼Œè­‰æ˜å…¶æœ‰æ•ˆæ”¹å–„åŠå¢å¼·å¥åº·ã€‚,Europe,Digital Health,Healthcare Technology,2022,,,,,,hengstyle@hlh.com.tw,65921053642514,,,,"ai, ml",,,white{fill:none;stroke:#fff;stroke-width:2} TOP About medisana About medisana å¾·åœ‹é‡‘çå“ç‰Œ é€£çºŒä¸ƒå¹´ æ¦®ç²å¾·åœ‹å“ç‰Œé‡‘ç German Brand,Featured in media coverage,80.0,2025-07-13 08:54:03,https://www.tw-medisana.com,validated
Welcome,https://www.MEDICAlliance.global,"Before(g,s); Welcome dataLayer = [{ 'treeview': '/MEDICAlliance/Welcome', 'oid': '88043', 'lang': 'en' }]; (function(w,d,s,l,i){w[l]=w[l]||[];w[l].","sseldorf, Germany",MedTech,Medical Devices,,,,,,,marketing@medicalliance.global,1752396852,,,,"java, ai, ml","ce 17, ce 29, ce 9",MEDICAlliance and MEDICARE ASIA are your,,,80.0,2025-07-13 08:54:12,https://www.MEDICAlliance.global,validated
LIW Care Technology,https://www.liwcare.pl,Healthcare technology company providing innovative solutions,Europe,Digital Health,Healthcare Technology,,,,,,,biuro@liwcare.pl,2205709722,,,,"aws, ai, ml","ISO 13485, ISO 13485, ce 3, ce 4","Kariera, Kariera",,Featured in media coverage,80.0,2025-07-13 08:54:25,https://www.liwcare.pl,validated
Welcome,https://www.medicalliance.com,"Before(g,s); Welcome dataLayer = [{ 'treeview': '/MEDICAlliance/Welcome', 'oid': '88043', 'lang': 'en' }]; (function(w,d,s,l,i){w[l]=w[l]||[];w[l].","sseldorf, Germany",MedTech,Medical Devices,,,,,,,marketing@medicalliance.global,1752396852,,,,"java, ai, ml","ce 17, ce 29, ce 9",MEDICAlliance and MEDICARE ASIA are your,,,80.0,2025-07-13 08:54:26,https://www.medicalliance.com,validated
Medical Fair Asia 2026,https://www.medicalfair-asia.com,"Medical Fair Asia 2026 (function(w,d,s,l,i){w[l]=w[l]||[];w[l].",Australia Austria,MedTech,Elderly Care,,,,,,,medicalfair-asia@mda.com.sg,10008850948708,https://www.linkedin.com/company/medicalfairasia/,,,"java, ai, ml",,Innovations free up nursing home staff to provide better care Read All News Articles In the Spotlight Supporting Organisations Knowledge,,Featured in media coverage,80.0,2025-07-13 08:55:19,https://www.medicalfair-asia.com,validated
"REHACARE Trade Fair for Rehabilitation, Prevention, Inclusio",https://www.rehacare.com,Medical care Medical care in the rehabilitation sector ensures quality of life and promotes recovery.,"DÃ¼sseldorf, Europe",Healthcare Services,Rehabilitation,,,,,,,,1752396920,,,the products and solutions that the exhibitors are presenting.,"java, ai, ml",,exciting,media-module-ctalink { background-color: #004f14; } Business KU Leuven honors assistive mobility spin-off CoMoveIT CoMoveIT was,Featured in media coverage,80.0,2025-07-13 08:55:20,https://www.rehacare.com,validated
Medical Manufacturing Asia 2026,https://www.medmanufacturing-asia.com,"Medical Manufacturing Asia 2026 (function(w,d,s,l,i){w[l]=w[l]||[];w[l].",Australia Austria,MedTech,Medical Devices,,,,,,,mma@mda.com.sg,1211508722,https://www.linkedin.com/company/medical-manufacturing-asia-sg/,,,"java, ai, ml",,"Glance Download Centre Supporting Organisations Media, Glance Download Centre Supporting Organisations Media",,Featured in media coverage,80.0,2025-07-13 08:55:30,https://www.medmanufacturing-asia.com,validated
AIMED,https://www.aimedindia.com,"Payment Gateway Discussion Forum Member Login MEDICAL FAIR THAILAND EXHIBITION 2025 - 10 to 12 September, 2025 || BOOKING OPEN!",Europe,Pharmaceuticals,Medical Devices,2009,,,,,,forumcoordinator@aimedindia.com,+91-129-42890000,,https://twitter.com/MiIAiMeD,,"ai, ml","MDR 17, ISO 13485, MDR 17, MDR 17",,,Featured in media coverage,80.0,2025-07-13 08:56:29,https://www.aimedindia.com,validated
åŒ»ç–—å™¨æ¢°ä¸´åºŠè¯•éªŒCRO-IVDæ³¨å†Œ-ä½“å¤–è¯Šæ–­è¯•å‰‚ä¸´åºŠè¯•éªŒ - æ±Ÿè‹å¾·èƒ½åŒ»å­¦ç§‘æŠ€æœ‰é™å…¬å¸,https://www.denengmedical.com,æ±Ÿè‹å¾·èƒ½åŒ»å­¦ç§‘æŠ€æœ‰é™å…¬å¸æ˜¯ä¸€å®¶ä¸“ä¸šä»äº‹åŒ»ç–—å™¨æ¢°ä¸´åºŠè¯•éªŒã€CADAæ³¨å†Œã€ç¾å›½FDAã€æ¬§ç›ŸCEè®¤è¯çš„CROèµ„è®¯æœåŠ¡é›†å›¢å…¬å¸ã€‚å…¬å¸ç”±ä¸šå†…æœ€æ—©å¼€å±•åŒ»ç–—å™¨æ¢°ä¸´åºŠè¯•éªŒæœåŠ¡çš„æ²ˆé˜³å¨å¯è¾¾ç”Ÿç‰©æŠ€æœ¯æœ‰é™å…¬å¸åˆ›å§‹äººåˆ˜æ™“å¾®å…ˆç”Ÿä¸€æ‰‹åˆ›ç«‹ï¼Œé›†å›¢æ€»æ³¨å†Œèµ„é‡‘é€¾4000ä¸‡å…ƒï¼Œå¹¶åœ¨åŒ—äº¬ã€æ²ˆé˜³ã€ä¸Šæµ·ã€è‹å·å››åœ°æˆç«‹äº†å…­å®¶å…¨èµ„å­å…¬å¸ã€‚,Europe,Digital Health,Medical Devices,2010,,,,,,denengmedical@126.com,0512-88188699,,,,ai,,,,Featured in media coverage,80.0,2025-07-13 08:57:16,https://www.denengmedical.com,validated
Homepage - Med-Tech Insights,https://www.med-techinsights.com,"C460&ssl=1"",""width"":1000,""height"":460,""caption"":""Pharmacologist checks blister packs with medicinal capsules moving on a conveyor.",by UK,MedTech,Medical Devices,,,500,Seed,,,,2214364081,https://www.linkedin.com/company/med-tech-innovation/,,,"ai, ml",,,,Featured in media coverage,80.0,2025-07-13 08:57:17,https://www.med-techinsights.com,validated
Meddeviceonline,https://www.meddeviceonline.com,"Med Device Online: Advancing human health by connecting people, organizations, and ideas in the design and development of medical devices.",On London,MedTech,Medical Devices,,,,,,,,969-0351-4992,,,the product development lifecycle.,"aws, ai, ml",,"expert partners like Accumold ensures manufacturability, Us Request More Information Our Partners Subscribe Newsletter Life Science Connect Advancing RNA Bioprocess Online Biosimilar Development Cell, Early collaboration with expert","split(""&"")[0], online: window[""__currentOnline__""], captchaTokenUrl: '/recaptcha', recaptchaKey: '6LcOaKAqAAAAAA7QDrziMn8jmNHGwvdkijBFp-X0' }); } }) Partner With Us Request More Information Our Partners Subscribe Newsletter Life Science Connect Advancing RNA Bioprocess Online Biosimilar Development Cell &amp; Gene Clinical Leader Clinical Supply Leader Clinical Tech Leader Drug Discovery Online Drug Delivery Leader Laboratory Network Life Science Leader Outsourced Pharma Pharmaceutical Online Editorial Archived Newsletter Article Reprints Editorial Submission Guidelines The Expert Network Events CMO Leadership Awards CRO Leadership",Featured in media coverage,80.0,2025-07-13 08:57:46,https://www.meddeviceonline.com,validated
Wendelstein Anzeiger | Leben im Inn- &amp; Mangfalltal,https://www.wsa-media.de,Healthcare technology company providing innovative solutions,Europe,Digital Health,Healthcare Technology,2023,,,,,,info@wsa-media.de,1741343433,,,,"ai, ml",,ber uns Als regionaler,,Featured in media coverage,80.0,2025-07-13 08:57:50,https://www.wsa-media.de,validated
GITEX DIGI HEALTH & BIOTECH THAILAND | 10-12 September 2025,https://www.gitexdigihealth.com,"present in Europe, Middle East, North America and now thanks to GITEX ASIA, we are in Asian community. We are excited to be part of this event.","Nebius, Netherlands",Digital Health,Telemedicine,,,,,,Prima Saigon,,14023116180514,https://www.linkedin.com/company/gitexdigihealthasia/about/,,,"ai, blockchain",,"Medical Fair, INNOVATORS, SPEAKER Join Our Investor Programme VIEW MEDIA PARTNER VIEW ECOSYSTEM",,Featured in media coverage,80.0,2025-07-13 08:58:06,https://www.gitexdigihealth.com,validated
Acalta â€“ Rethink Digital Healthcare,https://www.acalta.de,Gesundheitsversorgung neu definieren Unser Digital Health Startup entwickelt digitale Anwendungen fÃ¼r die Gesundheitsversorgung.,Essential Personalisierungs,Digital Health,Healthcare Technology,,,,,,,,550268103902,https://www.linkedin.com/company/acalta-gmbh,https://twitter.com/AcaltaGmbh,,ai,,,,,76.0,2025-07-13 08:47:24,https://www.acalta.de,validated
MiVendo.com is for sale | HugeDomains,https://www.mivendo.com/,"Contact us My account My favorites Shopping cart MiVendo.com Buy now: $1,195 &#9656; Buy now Processing or &#9656; Start payment plan Processing Only $49.79/mo.",Europe,Digital Health,Healthcare Technology,2005,,,,,,,+1-303-893-0552,,,,"ai, ml","ce 2005, ce 2005",,,,76.0,2025-07-13 08:47:26,https://www.mivendo.com/,validated
MEDIAN Kliniken â€“ Spezialist fÃ¼r Rehabilitation | MEDIAN,https://www.median-kliniken.de,"Hierbei steht fÃ¼r unsere Ã„rzte und Therapeuten die Wiedererlangung von FÃ¤higkeiten im Vordergrund, damit unsere Patienten anschlieÃŸend wieder eigenstÃ¤ndig leben und arbeiten kÃ¶nnen.",in Deutschland,Healthcare Services,Rehabilitation,,,,IPO,,,,6666666667,https://www.linkedin.com/company/median-kliniken-s.-r.l.,,,"java, ai, ml",,"Erkrankte, Institut, Erkrankte",,Featured in media coverage,76.0,2025-07-13 08:48:33,https://www.median-kliniken.de,validated
"samedi: Software fÃ¼r Praxen, MVZ und Kliniken",https://www.samedi.de/,"Entlasten Sie Ihr Team bei der BewÃ¤ltigung tÃ¤glich anfallender Aufgaben â€“ dank verschlankter ProzessablÃ¤ufe, digitaler Patientenkommunikation und der Automatisierung von redundanten, administrativen Arbeitsschritten.",Europe,Digital Health,Healthcare Technology,,,,,,,,+49 (030) 2123 0707,,,,"ai, ml","ISO 27001, ISO 9001","sslicher, Health, Asklepios Klinik Altona Starke",,Featured in media coverage,76.0,2025-07-13 08:48:50,https://www.samedi.de/,validated
Artificial Intelligence Fitness Coach | ALFA AI,https://www.alfa-ai.com,Subscribe and Get Free PDF Training Guide ALFA AI Health &amp; Fitness Solutions ALFA AI Coach Be guided by AI to perform in a healthy and natural way.,Europe,Wellness,Nutrition,2023,,,,,,,40822543347412,,,,"ai, ml",,," Newsletter and freshest Version Update Training Plan Adaptive AI Powered Training Plans AI Coach Support Exercises Video-Library Learn More Nutrition Plan Individual Meal Plans powered by AI ALL needed metrics included dynamic Plan interacts with your lifestyle Coming Soon Your Personalized AI COACH - anytime, anywhere Keep Track of Your Workouts Improve Your Results Reach the Next Level of Perfection private - AI",Featured in media coverage,76.0,2025-07-13 08:48:54,https://www.alfa-ai.com,validated
Aporize,https://www.aporize.com/,Entwicklungen Aporize Web Application Ãœber unsere App kÃ¶nnen sich Patienten ihre Medikation zusammenstellen und hinsichtlich ihrer Wechselwirkung einen Interaktionsscheck durchfÃ¼hren.,Europe,Digital Health,Healthcare Technology,,,,,,,info@aporize.com,1752108595,,,,ai,,Vertrauen Unsere Expertise im Gesundheitswesen und in der Prozessoptimierung basiert auf Erfahrung und,,Featured in media coverage,76.0,2025-07-13 08:48:59,https://www.aporize.com/,validated
HR und Lohnbuchhaltung endlich vereint | Personio,https://www.medwing.jobs.personio.de,"Effiziente Software fÃ¼r HR Management und Recruiting - individuell anpassbar. Verwalten Sie Urlaub, GehÃ¤lter und Bewerber in nur einem Tool. Jetzt testen!",from Austria,Digital Health,Healthcare Technology,,,,IPO,,,sales@personio.de,028260410767,,,,"java, ai, ml",,DSGVO Implementierungsprozess,,Featured in media coverage,76.0,2025-07-13 08:50:12,https://www.medwing.jobs.personio.de,validated
DeviceMed.de - Fachwissen fÃ¼r Medizintechnik-Hersteller und,https://www.devicemed.de/,Dosieraerosole oder Trockenpulverinhalatoren sind aufgrund ihrer patientenorientierten Wirkstoffabgabe die erste Wahl fÃ¼r die Behandlung von Atemwegserkrankungen.,ist UK,MedTech,Medical Devices,,,,,,,,4434512050,https://www.linkedin.com/company/devicemed/,https://twitter.com/DeviceMed,,"java, ai, ml",,,,Featured in media coverage,76.0,2025-07-13 08:50:21,https://www.devicemed.de/,validated
Emmora,https://www.emmora.de,Healthcare technology company providing innovative solutions,Essenzielle Cookies,Digital Health,Healthcare Technology,,,,,,,presse@ahorn-gruppe.de,1750856755,,https://twitter.com/intent/tweet?url=https://www.ahorn-gruppe.de/news-und-events/newsdetail/die-ahorn-gruppe-fuehrt-emmora-fort-und-erweitert-ihr-digitales-angebot-im-bereich-bestattungsvorsorge,,ai,,Events Magazin Filiale finden Kontakt Presse,,Featured in media coverage,76.0,2025-07-13 08:50:27,https://www.emmora.de,validated
Wir bringen Kassen das Sehen bei - visioncheckout,https://visioncheckout.com/,Entdecke den visioncheckout: den Self-Checkout der Zukunft. Per Kamera erkennt der visioncheckout alle Speisen und bucht sie automatisiert ins Kassensystem.,alle Essen,Digital Health,Healthcare Technology,,,,,,,,1733143248,https://www.linkedin.com/company/13974604,https://twitter.com/auvisus,,"java, ai, ml",,nnen wir Sie gerne einen unserer,,Featured in media coverage,76.0,2025-07-13 08:50:29,https://visioncheckout.com/,validated
MEDWING NOW | Die erste Wahl fÃ¼r Zeitarbeit in Pflege &amp;,https://www.medwing-now.de,Healthcare technology company providing innovative solutions,Europe,Digital Health,Healthcare Technology,,,,,,,,201000005201,https://www.linkedin.com/company/medwing-now/,,,ai,,,,,76.0,2025-07-13 08:50:38,https://www.medwing-now.de,validated
DeviceMed.de - Fachwissen fÃ¼r Medizintechnik-Hersteller und,https://www.devicemed.de,Dosieraerosole oder Trockenpulverinhalatoren sind aufgrund ihrer patientenorientierten Wirkstoffabgabe die erste Wahl fÃ¼r die Behandlung von Atemwegserkrankungen.,ist UK,MedTech,Medical Devices,,,,,,,,4434512050,https://www.linkedin.com/company/devicemed/,https://twitter.com/DeviceMed,,"java, ai, ml",,,,Featured in media coverage,76.0,2025-07-13 08:50:58,https://www.devicemed.de,validated
Home - Hestia Health,https://www.hestiahealth.es,"Home - Hestia Health"",""isPartOf"":{""@id"":""https://hestiahealth.",Madrid Hestia,Digital Health,Healthcare Technology,,,,IPO,,,,00848901572399,https://www.linkedin.com/company/hestiahealth/,,,"ai, ml",,,,,76.0,2025-07-13 08:51:16,https://www.hestiahealth.es,validated
ACTIMI Digitaler Datenaustausch nach MDR,https://www.actimi.com,Vom Informationsbruch zur digitalen Ãœbersicht: PlattformlÃ¶sungen fÃ¼r Patientendaten im Behandlungsverlauf 24.,Stuttgart Name,Digital Health,Healthcare Technology,,,,IPO,,,,196-56391410,https://www.linkedin.com/company/actimi/,,,"java, ai, ml",,"te in eine zertifizierte Plattform Forschung Ihr, artigen, artigen",,,76.0,2025-07-13 08:51:26,https://www.actimi.com,validated
"Physiomedico.de â€“ Rehazentren fÃ¼r OrthopÃ¤die, Neurologie und",https://www.physiomedico.de,"Unsere Rehazentren vereinen Physiotherapie, Ergotherapie und individuelle Bewegungstherapie. Im Pelikanviertel und in der SuÌˆdstadt finden Sie alle Voraussetzungen fuÌˆr PraÌˆvention, Therapie, Bewegung und Rehabilitation.",in Hannover,Wellness,Fitness,,,,,,,kontakt@physiomedico.de,1711104825,,,,"ai, ml",,,,Featured in media coverage,76.0,2025-07-13 08:51:31,https://www.physiomedico.de,validated
"samedi: Software fÃ¼r Praxen, MVZ und Kliniken",https://www.samedi.com,"Entlasten Sie Ihr Team bei der BewÃ¤ltigung tÃ¤glich anfallender Aufgaben â€“ dank verschlankter ProzessablÃ¤ufe, digitaler Patientenkommunikation und der Automatisierung von redundanten, administrativen Arbeitsschritten.",Europe,Digital Health,Healthcare Technology,,,,,,,,+49 (030) 2123 0707,,,,"ai, ml","ISO 27001, ISO 9001","sslicher, Health, Asklepios Klinik Altona Starke",,Featured in media coverage,76.0,2025-07-13 08:51:55,https://www.samedi.com,validated
Digital health solutions | Data4Life,https://www.data4life-asia.care,Digital health solutions | Data4Life @font-face { font-family: 'MetaSerifPro'; src: url('/assets/fonts/MetaSerifPro-Book.,"Potsdam, Germany",Digital Health,Healthcare Technology,,,,,,,,1670318521,,,,ai,"ISO 27001, the","Get in touch Company Solutions, Life Asia works together with key industry, creation partners With the support of trusted",,Featured in media coverage,76.0,2025-07-13 08:52:01,https://www.data4life-asia.care,validated
DeviceMed.fr,https://www.devicemed.fr,"Lire la suite Implants actifs : Cisteo Medical a visÃ© juste avec l&rsquo;AIMD Day OrganisÃ© par Cisteo Medical le mardi 24 juin 2025 Ã  BesanÃ§on, la premiÃ¨re Ã©dition de lâ€™AIMD Day a rassemblÃ© plus de 150 professionnels pour explorer l'avenir des dispositifs mÃ©dicaux implantables actifs.",en France,MedTech,Healthcare Technology,,,,Acquisition,,,Tech-Medical@Fanuc-6-300x200.jpg,1618607611,,https://twitter.com/DeviceMedFr,,"ai, ml",,,,Featured in media coverage,76.0,2025-07-13 08:52:41,https://www.devicemed.fr,validated
medisana - Deine Gesundheit in guten HÃ¤nden,https://www.medisana.de,medisanaÂ® - Deine Gesundheit in guten HÃ¤nden - fÃ¼r ein unbeschwertes Leben und persÃ¶nliches Wohlbefinden. Einfach stÃ¶bern und bestellen auf | medisana.de.,Deutschland Niederlande,Pharmaceuticals,Healthcare Technology,,,,,,,nutzer@beispiel.de,1746710541,,,,"java, ai, ml",,,,Featured in media coverage,76.0,2025-07-13 08:53:47,https://www.medisana.de,validated
YMedia - Marketing Internetowy dla BranÅ¼y Medycznej,https://www.ymedia.pl,Od 2007 roku kompleksowo wspieramy dziaÅ‚ania marketingowe w firmach medycznych. Oferujemy szerokÄ… gamÄ™ nowoczesnych narzÄ™dzi reklamowych.,PRODUKCJA FILMOWA,Digital Health,Healthcare Technology,,,,,,,info@ymedia.pl,30158600403876,,,,"ai, ml",,,,,76.0,2025-07-13 08:54:30,https://www.ymedia.pl,validated
Medical Park Bad Feilnbach Reithofpark | Reha neu denken,https://www.reithofpark.medicalpark.de,"Name = 'js'; Medical Park Bad Feilnbach Reithofpark | Reha neu denken var ctPublicFunctions = {""_ajax_nonce"":""b7f8b74a1f"",""_rest_nonce"":""3df2dfdd6d"",""_ajax_url"":""\/wp-admin\/admin-ajax.","MÃ¼nchen, Europe",Healthcare Services,Rehabilitation,,,,,,,reithofpark@medicalpark.de,0800 5889424,,,,"ai, ml",,,,Featured in media coverage,76.0,2025-07-13 08:54:35,https://www.reithofpark.medicalpark.de,validated
Medium: Read and write stories.,https://www.medium.com,Healthcare technology company providing innovative solutions,Europe,Wellness,Fitness,,,,,,,9ygdqoKprhwuTVKUM0DLPA@2x.png,20250711-220231,,,,"java, ai, ml, blockchain",,,,Featured in media coverage,76.0,2025-07-13 08:54:36,https://www.medium.com,validated
Medical Park International Department | International Depart,https://www.medicalpark.com,"Common Questions Contact Seite wÃ¤hlen html.et-fb-root-ancestor #main-header, html.et-fb-root-ancestor #top-header, html.","the most beautiful areas in Germany close to Munich, Berlin and Frankfurt",Wellness,Nutrition,,,,,,,international.department@medicalpark.de,100-102 65520,,,,"ai, ml",ISO 9001,,,Featured in media coverage,76.0,2025-07-13 08:55:17,https://www.medicalpark.com,validated
Medical Fair India | Healthcare Trade Show | Medical Equipme,https://www.medicalfair-india.com,delighted at your interest in attending the next MEDICAL FAIR INDIA as an exhibitor. Apply here --> .,and Germany,Digital Health,Medical Devices,,,,,,,,11093922852,https://www.linkedin.com/company/medicalfair-india,http://twitter.com/medical_fair,,"java, react, ai, ml",,"Menu close back Home Home Download Center Partners, Previous Editions Medicare Asia Partners, Partners","push(arguments); } gtag('js', new Date()); gtag('config', 'AW-11093922852'); // // // Menu close back Home Home Download Center Partners Partners â€“ Previous Editions Medicare Asia Partners Partners â€“ Previous Editions ----> Partners Partners Previous Editions Exhibitor List Photo Report Visitors At a glance Exhibitor List 2025 Visitor Registration ----> Exhibitors At a glance Facts &amp; Figures Exhibitor Application Exhibitor List 2025 Team Special Shows Clin Lab India Smart Hospitals FTR4H - Future for Health AiMeD Pavilion rehaindia Awards VOH Conference Press At a glance Press Material Press Releases & Interviews White Paper Logos &amp; Banners White Paper Contact &amp; Arrival Team Travel Information Mumbai --> Travel Information Delhi International Representatives --> Home Home Download Center Partners Partners â€“ Previous Editions Medicare Asia Exhibitor List Photo Report Visitors At a glance Exhibitor List 2025 Visitor Registration ---> Exhibitors At a glance Facts &amp; Figures Exhibitor Application Exhibitor List 2025 Team Special Shows Clin Lab India Smart Hospitals FTR4H - Future for Health AiMeD Pavilion rehaindia,  medical laboratory assistant, technician, doctor's assistant, nurse, carer) Visitors from industry/manufacturer Distributors/traders Visitors from academies and universities Visitors from government or international agencies and associations Opthalmologist Photo report 2025 Inaugural Address by General Manager - Messe Duesseldorf India Private Limited Inauguration Ceremony Entry at Hall - Medical Fair India 2025 Dignitaries at the Fair Partners at Medical Fair India 2025 Demonstration at Fair AiMED Pavilion Exhibitors at Fair Booths at Fair Visitors &amp; Delegates Visitors &amp; Exhibitors at the Fair Visitors at Fair Visitors at Medical Fair India Visitors at the Fair Visitors near Registration Desk ClinLab India Conference Delegates at FutureForHealth (FTR4H) Pavilion Delegates at Voice of Healthcare Conference Demo at FutureForHealth (FTR4H) Pavilion Jury Members - FTR4H Start-Up Pitch Competition Mark W&auml;chter - Chief Evangelist - Future For Health (FTR4H) Conference, Exhibition, Start-Up Pitch Competition &amp; Awards Session in progress at Voice of Healthcare Conference Smart Hospitals Conference Voice of Healthcare Conference Winners - Future For Health (FTR4H) Start-Up Pitch Competition Awardees at Medgate Today India Healthcare",Featured in media coverage,76.0,2025-07-13 08:55:22,https://www.medicalfair-india.com,validated
Kompetente Rehabilitation &amp; individuelle Therapie,https://www.medicalpark.de,"Prefix"":"""",""wprocket_detected"":false,""host_url"":""medicalpark.",Reha Berlin,Healthcare Services,Rehabilitation,,,,IPO,,,kirschbaumhuegel-fachklinik@medicalpark.de,+49 8022 848 1000,,,,"ai, ml",,,,Featured in media coverage,76.0,2025-07-13 08:55:28,https://www.medicalpark.de,validated
"Reha-Klinik fÃ¼r OrthopÃ¤die und Traumatologie, Expertise nach",https://www.kirschbaumprivat.medicalpark.de,Privatklinik Behandlungsfelder Longevity Klinikleitung Jobs Ihr Aufenthalt Patienteninformation Kontakt Seite wÃ¤hlen html.,tsklinikums Frankfurt,Healthcare Services,Rehabilitation,,,,,,,kirschbaumhuegel-privatklinik@medicalpark.de,+49 8022 848-4000,,,,"ai, ml",,,,Featured in media coverage,76.0,2025-07-13 08:55:35,https://www.kirschbaumprivat.medicalpark.de,validated
Endoscope imaging system Manufacturer Softlink Medical,https://www.softlinkmed.com,Products OEM/ODM News Service Contact Us 4K fluorescence 4K All-in-one 4K 3-in-1/2-in-1 4K Monitor HD all-in-one HD 3-in-1/2-in-1 LED Light source TEL : +86 020-3626 8893 FAX : +86 020-3678 7090 Domestic phone : Ms. Wang: +86 136-7020-5196 Overseas phone / Whatsapp: Marketing: Tenny Ng: +86 13928532344 Sales: Casper Cai: +86 18011701102 E-mail ï¼šmarketing@softlinkmed.com Skype : live:.,Europe,Digital Health,Healthcare Technology,,,,,,,marketing@softlinkmed.com,54414459464816,,,,ai,"CE 4, ce 4",,,Featured in media coverage,76.0,2025-07-13 08:55:47,https://www.softlinkmed.com,validated
Medical Park Fachklinik fÃ¼r OrthopÃ¤die und Handrehabilitatio,https://www.kirschbaumfach.medicalpark.de,"Name = 'js'; Medical Park Fachklinik fÃ¼r OrthopÃ¤die und Handrehabilitation in Bad Wiessee var ctPublicFunctions = {""_ajax_nonce"":""b7f8b74a1f"",""_rest_nonce"":""3df2dfdd6d"",""_ajax_url"":""\/wp-admin\/admin-ajax.",tsklinikums Frankfurt,Healthcare Services,Rehabilitation,,,,,,,kirschbaumhuegel-fachklinik@medicalpark.de,+49 8022 848-1000,,,,"ai, ml",,,,Featured in media coverage,76.0,2025-07-13 08:55:52,https://www.kirschbaumfach.medicalpark.de,validated
Rehabilitationsfachklinik fÃ¼r OrthopÃ¤die,https://www.kronprinz.medicalpark.de,Fachklinik Behandlungsfelder Klinikleitung Jobs Ihr Aufenthalt Patienteninformation Kontakt Seite wÃ¤hlen html.,"MÃ¼nchen, Europe",Wellness,Rehabilitation,,,,,,,prien-kronprinz@medicalpark.de,0800 6337275,,,,"ai, ml",,,,Featured in media coverage,76.0,2025-07-13 08:55:57,https://www.kronprinz.medicalpark.de,validated
Alle Standorte | Medical Park,https://www.kliniken.medicalpark.de,"Name = 'js'; Alle Standorte | Medical Park var ctPublicFunctions = {""_ajax_nonce"":""b7f8b74a1f"",""_rest_nonce"":""3df2dfdd6d"",""_ajax_url"":""\/wp-admin\/admin-ajax.",Reha Berlin,Healthcare Services,Rehabilitation,,,,IPO,,,st.hubertus@medicalpark.de,+49 8022 848 4000,,,,"ai, ml",,,,Featured in media coverage,76.0,2025-07-13 08:56:12,https://www.kliniken.medicalpark.de,validated
Medical Park Rehabilitationsklinik fÃ¼r die Fachbereiche Orth,https://www.chiemsee.medicalpark.de,"Name = 'js'; Medical Park Rehabilitationsklinik fÃ¼r die Fachbereiche OrthopÃ¤die, Traumatologie und Sportmedizin.","MÃ¼nchen, Europe",Wellness,Rehabilitation,,,,,,,chiemsee@medicalpark.de,4873028213238,,,,"ai, ml",,,,Featured in media coverage,76.0,2025-07-13 08:56:23,https://www.chiemsee.medicalpark.de,validated
"Rehaklinik fÃ¼r OrthopÃ¤die, Traumatologie, Sportmedizin sowie",https://www.sthubertus.medicalpark.de,Fachklinik Behandlungsfelder PrÃ¤vention PrÃ¤ventionsangebote PrÃ¤habilitation Klinikleitung Jobs Ihr Aufenthalt Patienteninformation Kontakt Seite wÃ¤hlen html.,tsklinikums Frankfurt,Healthcare Services,Rehabilitation,,,,,,,st.hubertus@medicalpark.de,0800 6337275,,,,"ai, ml",,,,Featured in media coverage,76.0,2025-07-13 08:56:34,https://www.sthubertus.medicalpark.de,validated
Medical Park Chiemseeblick | Reha neu denken,https://www.chiemseeblick.medicalpark.de,"Name = 'js'; Medical Park Chiemseeblick | Reha neu denken var ctPublicFunctions = {""_ajax_nonce"":""b7f8b74a1f"",""_rest_nonce"":""3df2dfdd6d"",""_ajax_url"":""\/wp-admin\/admin-ajax.","MÃ¼nchen, Europe",Wellness,Rehabilitation,,,,IPO,,,reservierung-chiemseeblick@medicalpark.de,+49 8051 9615-3555,,,,"ai, ml",,Der Medical Park Chiemseeblick pflegt als,,Featured in media coverage,76.0,2025-07-13 08:56:44,https://www.chiemseeblick.medicalpark.de,validated
Medical Park Berlin HumboldtmÃ¼hle | Reha neu denken,https://www.humboldtmuehle.medicalpark.de,"Name = 'js'; Medical Park Berlin HumboldtmÃ¼hle | Reha neu denken var ctPublicFunctions = {""_ajax_nonce"":""b7f8b74a1f"",""_rest_nonce"":""3df2dfdd6d"",""_ajax_url"":""\/wp-admin\/admin-ajax.",Berlin Humboldtm,Healthcare Services,Rehabilitation,,,,,,,humboldtmuehle@medicalpark.de,300 240-9009,,,,"ai, ml",,Als,,Featured in media coverage,76.0,2025-07-13 08:56:52,https://www.humboldtmuehle.medicalpark.de,validated
Medical Park Loipl | Reha neu denken,https://www.loipl.medicalpark.de,"Name = 'js'; Medical Park Loipl | Reha neu denken var ctPublicFunctions = {""_ajax_nonce"":""b7f8b74a1f"",""_rest_nonce"":""3df2dfdd6d"",""_ajax_url"":""\/wp-admin\/admin-ajax.",In Deutschlands,Healthcare Services,Rehabilitation,,,,,,,loipl@medicalpark.de,0800 5889424,,,,"ai, ml",,,,Featured in media coverage,76.0,2025-07-13 08:56:59,https://www.loipl.medicalpark.de,validated
Medical Plastics - Med-Tech Insights,https://www.medicalplasticsnews.com,"Medical Plastics - Med-Tech Insights {""@context"":""https://schema.",Europe,MedTech,Medical Devices,,,,Acquisition,,,,1736886371296,https://www.linkedin.com/company/med-tech-innovation/,,,"ai, ml",,"French MedTech company, nerve repair By Oliver Johnson, Systems has",,Featured in media coverage,76.0,2025-07-13 08:57:05,https://www.medicalplasticsnews.com,validated
Thaimed.Co.Th,https://www.thaimed.co.th,Thai Medical Device Technology Industry Association window.,Europe,Digital Health,Medical Devices,2021,,,,,,,82666666666666,,,,"java, ai, ml",,,,Featured in media coverage,76.0,2025-07-13 08:57:37,https://www.thaimed.co.th,validated
"Outsourced Pharma, Contract Pharmaceutical, CRO, CMO, Pharma",https://www.outsourcedpharma.com,Contact Us Work For Us googletag.cmd.push(function () { googletag .,Europe,Pharmaceuticals,Drug Discovery,,,,Acquisition,,Building On,,15771103-7366,,,,"react, ai",,"Mango Sciences To Bring AI Innovation In Clinical Trials Services Lonza Launches Next Generation, Us Request More Information Our Partners Subscribe Newsletter Follow Us on LinkedIn Life Science Connect Advancing RNA Bioprocess Online Biosimilar Development Cell, Mpox Vaccine Supply Contract With European Country Sartorius Stedim Biotech And Sensible Biotechnologies","push(arguments); }; Get more pharma outsourcing insight with our FREE newsletter sign me up Log In or Subscribe Find A Partner Bioanalytical Services Biologic API Biologic Drug Product Cell &amp; Gene Clinical Supply Fill/Finish Small Molecule API Small Molecule Drug Product Development Contract Manufacturing Packaging Logistics Events Outsourced Pharma Capacity Update Outsourced Pharma Live CDMO Leadership, split(""&"")[0], online: window[""__currentOnline__""], captchaTokenUrl: '/recaptcha', recaptchaKey: '6LdaZqAqAAAAAGDH6bvw9fvN2qZXRtTACU9nJ6T_' }); } }) Partner With Us Request More Information Our Partners Subscribe Newsletter Follow Us on LinkedIn Life Science Connect Advancing RNA Bioprocess Online Biosimilar Development Cell &amp; Gene Clinical Leader Clinical Supply Leader Clinical Tech Leader Drug Delivery Leader Drug Discovery Laboratory Network Life Science Leader Med Device Online Pharmaceutical Online Editorial Archived Newsletters Article Reprints Editorial Submission Guidelines Editorial Advisory Board The Expert Network Events CMO Leadership Awards CRO Leadership",Featured in media coverage,76.0,2025-07-13 08:57:52,https://www.outsourcedpharma.com,validated
Biosimilar Development,https://www.biosimilardevelopment.com,Contact Us Work For Us googletag.cmd.push(function () { googletag .,Five Essentials,Pharmaceuticals,Medical Devices,,,,,,,,1477131816,,,,"react, ai","IEC 42001, IEC 42001","Us Request More Information Our Partners Subscribe Newsletter Life Science Connect Advancing RNA Bioprocess Online Cell, Partner With Us Request More Information Our","split(""&"")[0], online: window[""__currentOnline__""], captchaTokenUrl: '/recaptcha', recaptchaKey: '6LcrGKAqAAAAAIQ61nMY1RsFKOhCpnJ4t6q8_UU0' }); } }) Partner With Us Request More Information Our Partners Subscribe Newsletter Life Science Connect Advancing RNA Bioprocess Online Cell &amp; Gene Clinical Leader Clinical Supply Leader Clinical Tech Leader Drug Discovery Drug Delivery Leader Laboratory Network Life Science Leader Magazine Med Device Online Outsourced Pharma Pharmaceutical Online Editorial Archived Newsletters Article Reprints Editorial Submission Guidelines The Expert Network Events CMO Leadership Awards CRO Leadership",Featured in media coverage,76.0,2025-07-13 08:57:59,https://www.biosimilardevelopment.com,validated
Pharmaceutical Manufacturing Resource,https://www.pharmaceuticalonline.com,Contact Us Work For Us googletag.cmd.push(function () { googletag .,"Cairoli, Italy",Pharmaceuticals,Medical Devices,,,,,,Appoints New,,8398856793,,,,ai,,"Us Request More Information Our Partners Subscribe Newsletter Follow Us on LinkedIn Life Science Connect Advancing RNA Bioprocess Online Biosimilar Development Cell, Navigate the evolving biotech landscape and secure venture capital with insights on strategic, Partner With Us Request More Information Our"," This honor is one of ISA&rsquo;s&nbsp;highest, split(""&"")[0], online: window[""__currentOnline__""], captchaTokenUrl: '/recaptcha', recaptchaKey: '6LcqGKAqAAAAAE6pjQiuwZnL1wrp8NbhT7ltDWb7' }); } }) Partner With Us Request More Information Our Partners Subscribe Newsletter Follow Us on LinkedIn Life Science Connect Advancing RNA Bioprocess Online Biosimilar Development Cell &amp; Gene Clinical Leader Clinical Supply Leader Clinical Tech Leader Drug Discovery Drug Delivery Leader Laboratory Network Life Science Leader Magazine Med Device Online Outsourced Pharma Editorial Archived Newsletters Article Reprints Editorial Submission Guidelines The Expert Network Events CMO Leadership Awards CRO Leadership",Featured in media coverage,76.0,2025-07-13 08:58:00,https://www.pharmaceuticalonline.com,validated
NCZONE.COM,https://www.health-i.com/,Healthcare technology company providing innovative solutions,Europe,Digital Health,Healthcare Technology,,,,,,,skyshoh@hitel.net,,,,,,,,,,72.0,2025-07-13 08:47:23,https://www.health-i.com/,validated
For Sale Page,https://www.kry.com/,our offer must be higher than the sellerâ€™s minimum price. $ Please enter an offer amount up to 9 digits.,Europe,Digital Health,Healthcare Technology,2001,,,,,,,,,,,ai,,,,,72.0,2025-07-13 08:47:27,https://www.kry.com/,validated
Home - Caterna Vision GmbH,https://www.caterna.de/,"GlÃ¼cklicherweise hatte Frau SchÃ¼ller uns den Hinweis gegeben, dass es ausreicht, wenn die kleine Patientin aufmerksam auf den Bildschirm schaut â€“ so Ã¼bernahm zunÃ¤chst unsere GroÃŸe das Spielen der etwas anspruchsvolleren Spiele, die Paloma kennenlernen wollte.",TU Dresden,Digital Health,Healthcare Technology,,,,,,,,94447236961,,https://twitter.com/caternavision,,"ai, ml",,,,,72.0,2025-07-13 08:47:42,https://www.caterna.de/,validated
Medlanes,https://www.medlanes.com/,Noch ein Schritt > Unsere Ã„rzte sind in dieser Stadt derzeit ausgelastet Wer ist der Patient?,"Berlin, Deutschland",Wellness,Fitness,,,,IPO,,,,1834834513,,,,"java, ai, ml",,Betroffene und ihre,,Featured in media coverage,72.0,2025-07-13 08:47:45,https://www.medlanes.com/,validated
BitCare Ltd.,https://www.bitcare.eu/,BitCare Ğµ Ğ»Ğ¸Ğ´ĞµÑ€ Ğ² Ğ¾Ğ±Ğ»Ğ°ÑÑ‚Ñ‚Ğ° Ğ½Ğ° Ğ¸Ğ½Ñ„Ğ¾Ñ€Ğ¼Ğ°Ñ†Ğ¸Ğ¾Ğ½Ğ½Ğ¸Ñ‚Ğµ Ñ‚ĞµÑ…Ğ½Ğ¾Ğ»Ğ¾Ğ³Ğ¸Ğ¸ Ğ·Ğ° Ğ±Ğ¸Ğ·Ğ½ĞµÑĞ°,Europe,Digital Health,Healthcare Technology,,,,,,,,359 886061081,,,,ai,,,,,72.0,2025-07-13 08:48:45,https://www.bitcare.eu/,validated
Coa.Health,https://www.coa.health,"We offer a no questions asked 14-day money-back guarantee! Get 10% OFF with coupon code DP10 Purchase Now Archives September 2023 Categories Uncategorized Facebook X Instagram Designed by Creative AI Solutions GmbH {""prefetch"":[{""source"":""document"",""where"":{""and"":[{""href_matches"":""\/*""},{""not"":{""href_matches"":[""\/wp-*.",Europe,Wellness,Fitness,,,,,,,,1751768206,,,,"ai, ml",,,,Featured in media coverage,72.0,2025-07-13 08:49:04,https://www.coa.health,validated
AdvoWhistle VertrauensanwÃ¤lte -   Willkommen,https://www.median-kliniken.advowhistle.de,Healthcare technology company providing innovative solutions,Europe,Digital Health,Healthcare Technology,,,,,,,,361326952072,,,,"ai, ml",,,,,72.0,2025-07-13 08:50:33,https://www.median-kliniken.advowhistle.de,validated
Medlanes,https://www.medlanes.com,Noch ein Schritt > Unsere Ã„rzte sind in dieser Stadt derzeit ausgelastet Wer ist der Patient?,"Berlin, Deutschland",Wellness,Fitness,,,,IPO,,,,1834834513,,,,"java, ai, ml",,Betroffene und ihre,,Featured in media coverage,72.0,2025-07-13 08:51:23,https://www.medlanes.com,validated
jameda - Arzttermine online buchen &amp; Feedbacks lesen,https://www.jameda.de/,"LOCALE': 'de', 'MARKETING_CONSENT_IS_INFO': false, 'MARKETING_CONSENT_PRECHECKED': false, 'MIN_QUESTION_CHARACTERS': 50, 'PAGE_TYPE': 'homepage', 'PATIENT_APP_VERSION': '', 'PATIENT_REQUEST_BASE_URL': 'https://patient-request.","MÃ¼nchen, Deutschland",Digital Health,Healthcare Technology,,,,,,,,41530118218,,,,"java, ai, ml",,ftsbedingungen,,,72.0,2025-07-13 08:51:50,https://www.jameda.de/,validated
jameda - Arzttermine online buchen &amp; Feedbacks lesen,https://www.jameda.de,"LOCALE': 'de', 'MARKETING_CONSENT_IS_INFO': false, 'MARKETING_CONSENT_PRECHECKED': false, 'MIN_QUESTION_CHARACTERS': 50, 'PAGE_TYPE': 'homepage', 'PATIENT_APP_VERSION': '', 'PATIENT_REQUEST_BASE_URL': 'https://patient-request.","MÃ¼nchen, Deutschland",Digital Health,Healthcare Technology,,,,,,,,41530118218,,,,"java, ai, ml",,ftsbedingungen,,,72.0,2025-07-13 08:52:14,https://www.jameda.de,validated
medisanaé©¬å¾·ä¿åº·å“ç‰Œå®˜æ–¹ç½‘ç«™,https://www.medisana.com.cn,HEALTH SCIENCE å¥åº·ç§‘æ™® åŒ»ç”Ÿç§‘æ™® è­¦æƒ•OSASç›¸å…³é«˜è¡€å‹çš„å¥åº·é—®é¢˜ åœ¨è¿™é‡Œç‰¹åˆ«å¼ºè°ƒé«˜è¡€å‹åˆå¹¶é˜»å¡æ€§ç¡çœ å‘¼å¸æš‚åœç»¼åˆå¾ï¼ˆOSASï¼‰å¾€å¾€åœ¨ä¸­é’å¹´å æœ‰è¾ƒå¤§æ¯”ä¾‹ï¼Œé™¤äº†é™å‹è¯ç‰©æ²»ç–—ï¼Œè¿˜éœ€è¦é‡è§†é¥®é£Ÿè°ƒèŠ‚ï¼Œå‡è½»ä½“é‡åŠæ— åˆ›æ°”é“æ­£å‹é€šæ°”æ²»ç–—æ”¹å–„å‘¼å¸é€šæ°”ï¼Œå¿…è¦æ—¶ç”šè‡³å¤–ç§‘å¹²é¢„ï¼Œå‡å°‘ç¡çœ è¡€æ°§ä¸‹é™é¢‘æ¬¡åŠç¨‹åº¦ï¼Œè¿›è€Œæ§åˆ¶å¥½è¡€å‹ã€‚ MORE The heart attack An invisible danger Is sugar making us ill?,"UK, Europe",Digital Health,Healthcare Technology,,,,,,,,2023014552,,,,ai,,, è¯¦æƒ… é©¬å¾·ä¿åº·æºæ‰‹å·´è¿ªè¿åŠ¨ï¼Œâ€œæ–°ç¯‡ç››å¯â€å…±èµ´è¿åŠ¨å¥åº·æ–°ç¨‹ 2024å¹´12æœˆ31æ—¥ï¼ŒIMBODYå·´è¿ªè¿åŠ¨å¥èº«æˆ¿ç››å¤§å¼€ä¸šã€‚æºè‡ªå¾·å›½çš„åŒ»ç–—å¥åº·çŸ¥åå“ç‰Œmedisanaï¼ˆé©¬å¾·ä¿åº·ï¼‰æºæŒ‰æ‘©ä¿å¥äº§å“ï¼Œå…¥é©»å¥èº«æˆ¿ï¼Œè®©è¿åŠ¨å’Œä¿®å¤äº’è¡¥ï¼Œå½¢æˆæˆ˜ç•¥åˆä½œã€‚å…±åŒå¼€å¯è¿åŠ¨ä¸å¥åº·èåˆçš„å´­æ–°ç¯‡ç« ã€‚ è¯¦æƒ… medisanaï¼ˆé©¬å¾·ä¿åº·ï¼‰ä¸ç‘æ¥æ˜¥å ‚å¼ºå¼ºè”æ‰‹ï¼Œæ‰“é€ ä¸­åŒ»é¦†ä¸å¥åº·ç§‘æŠ€èåˆæ–°ç¯‡ç«  ç‘æ¥æ˜¥å ‚ï¼Œä½œä¸ºç¦å»ºçœè‘—åçš„å¤§å‹ä¸­åŒ»è¯ç»¼åˆåœºé¦†ï¼Œé›†ä¸­åŒ»è¯Šç–—ã€ç†ç–—åº·å¤ã€å¥åº·æ•™è‚²ã€ä¸­è¯é¥®ç‰‡åŠè¯å“é”€å”®äºä¸€ä½“ï¼Œæ€»éƒ¨ä½äºç¦å·ï¼Œæ——ä¸‹ä¸­åŒ»é¦†éå¸ƒç¦å·ã€å¦é—¨ã€æ³‰å·ã€ä¸‰æ˜ã€é¾™å²©ç­‰å¤šä¸ªåŸå¸‚ã€‚è¿‘æ—¥ï¼Œç‘æ¥æ˜¥å ‚ç›¸å…³é¢†å¯¼è…ä¸´medisanaï¼ˆé©¬å¾·ä¿åº·ï¼‰å±•å…åŠå·¥å‚è¿›è¡Œå‚è§‚è®¿é—®ï¼Œæ¢è®¨åŒæ–¹æ·±å…¥åˆä½œæœºä¼šã€‚ è¯¦æƒ… medisanaå—¨ç¿»â€˜åŠ ä¼ç£…â€™å¥èº«å˜‰å¹´åï¼ medisanaé©¬å¾·ä¿åº·å“ç‰Œä½œä¸ºâ€˜åŠ ä¼ç£…â€™äº”å‘¨å¹´çš„â€œç‰¹é‚€å˜‰å®¾â€æ¥åˆ°åœ¨å˜‰å¹´åæ´»åŠ¨ï¼Œè¿…é€Ÿæˆä¸ºäº†ç°åœºç©ç›®çš„ç„¦ç‚¹ã€‚å±•åŒºç°åœºçš„æŒ‰æ‘©äº§å“ä½“éªŒã€äº’åŠ¨æ¸¸æˆæŒ‘æˆ˜ï¼Œæˆäº†å¥èº«æ´¾å¯¹çš„çƒ­ç‚¹èŠ‚ç›®ã€‚æ­¤åˆ»å„å¤§å¥èº«åšä¸»å¯¹äºè‚Œè‚‰æ”¾æ¾çš„å¼ºçƒˆéœ€æ±‚ä¸medisanaçš„ä¸“ä¸šçš„æŒ‰æ‘©äº§å“ç¢°æ’å‡ºäº†ç«èŠ±ã€‚ è¯¦æƒ… medisanaï¼ˆé©¬å¾·ä¿åº·ï¼‰åŒæ˜Ÿé—ªè€€Plus X Awardâ€”â€”æ‘˜å¾—â€œå¹´åº¦æœ€ä½³å®¢æˆ·æ»¡æ„åº¦å¥–â€ä¸â€œå¹´åº¦æœ€ä½³å“ç‰Œå¥–â€åŒé¡¹æ®Šè£ï¼ Plus X Award å¹´åº¦è¯„é€‰æ–°é²œå‡ºç‚‰ã€‚medisanaï¼ˆé©¬å¾·ä¿åº·ï¼‰å‡­å€Ÿå…¶åœ¨å®¢æˆ·æœåŠ¡ä»¥åŠå“ç‰Œå»ºè®¾çš„å“è¶Šè¡¨ç°ï¼Œæ‘˜å¾—2024å¹´Plus X,Featured in media coverage,72.0,2025-07-13 08:53:09,https://www.medisana.com.cn,validated
Compamed Tradefair,https://www.compamed-tradefair.com,"We provide you with a versatile service that supports you, among other things, in preparing for the fair , travelling to the fair and finding a hotel . You can also use our extensive exhibitor and product database .","DÃ¼sseldorf, Europe",Pharmaceuticals,Personalized Medicine,,,,,,,,26115931700476,,,,"java, react, ai, ml",,Participants Exhibitors Countries Good reasons for visiting the trade fair Networking platform Exchange with experts from all over the world Search for cooperations and,,Featured in media coverage,72.0,2025-07-13 08:53:37,https://www.compamed-tradefair.com,validated
Compamed,https://www.compamed.de,Fachbesucher und Fachbesucherinnen 750&nbsp;Ausstellende COMPAMED 2025 â€“ Meet Health.,Das UKHD,Digital Health,Healthcare Technology,,,,,,,,26115931700476,,,,"java, react, ai, ml",,den Messebesuch Networking Plattform Austausch mit Expertinnen und Experten aus der ganzen Welt Suche nach Kooperationen und,,Featured in media coverage,72.0,2025-07-13 08:53:39,https://www.compamed.de,validated
MEDICA | Trade Fair for Medical Technology &amp; Healthcare,https://www.medica-tradefair.com,"MEDICA"" .mood-slider--custom-16797455 .","sseldorf, Germany",Digital Health,Telemedicine,,,,,,,,17004168449050,,,,"java, ai, ml",,Participants Exhibitors Countries Reasons for your trade fair visit Networking platform Exchange with experts from all over the world Search for cooperations and," The extensive programme of first-class forums , conferences and special shows provides opportunities for interesting presentations and discussions with experts and politicians and also includes pitches of new products and",Featured in media coverage,72.0,2025-07-13 08:53:41,https://www.medica-tradefair.com,validated
MEDICA Messe - Alle Trends der Medizintechnikbranche,https://www.medica.de,"MEDICA"" .mood-slider--custom-16812675 .",Berlin Die,Digital Health,mHealth Apps,,,,,,,,17004168449050,,,,"java, ai, ml",,Ihren Messebesuch Networking Plattform Austausch mit Expertinnen und Experten aus der ganzen Welt Suche nach Kooperationen und,,Featured in media coverage,72.0,2025-07-13 08:54:11,https://www.medica.de,validated
Infozentrum fÃ¼r PrÃ¤vention und FrÃ¼herkennung | Vorsorge onli,https://www.vorsorge-online.de/,Download &nbsp; Infografiken Infos fÃ¼r Patienten Kostenfreie IPF-Poster Gute medizinische Versorgung und Vorsorge kommt ohne â€sprechende Medizinâ€œ nicht aus.,Deutschland schon,Digital Health,Healthcare Technology,,,,,,,,1677000080,,,,"java, ai",,,,,72.0,2025-07-13 08:54:44,https://www.vorsorge-online.de/,validated
HOME,https://www.centralamedyczna.pl,Healthcare technology company providing innovative solutions,Europe,Digital Health,Healthcare Technology,,,,,,,,21695359333631,,,,"ai, ml",,funkcjonowaniem Twojego sklepu internetowego lub sklepu medycznego Twojego,,,72.0,2025-07-13 08:54:46,https://www.centralamedyczna.pl,validated
"REHACARE 2025 â€“ Die fÃ¼hrende Messe fÃ¼r Rehabilitation, PrÃ¤ve",https://www.rehacare.de,"Erleben Sie vom 17.â€“20. September 2025 in DÃ¼sseldorf die REHACARE: Trends, Innovationen und LÃ¶sungen fÃ¼r Rehabilitation, Inklusion und selbstbestimmtes Leben.",das Essen,Healthcare Services,Rehabilitation,,,,,,,,1752397262,,,,"java, ai, ml",,spannende,,Featured in media coverage,72.0,2025-07-13 08:56:10,https://www.rehacare.de,validated
MFC 2025 | åŒ»ç–—å™¨æ¢°åˆ›æ–°å±•,https://www.medicalfair.cn,"Medical Fair China æ˜¯ç”±æœå¡å°”å¤šå¤«å±•è§ˆ(ä¸Šæµ·)æœ‰é™å…¬å¸ä¸¾åŠçš„åŒ»ç–—å±•ä¼š,å›½é™…åŒ»ç–—è®¾å¤‡å±•MEDICAåœ¨ä¸­å›½çš„å”¯ä¸€å­å±•ã€‚åŒ»ç–—å™¨æ¢°åˆ›æ–°ä¸æœåŠ¡å±•(MFC)ã€å¯å®¶ç”¨ç©¿æˆ´åŒ»ç–—å±•ã€åœ¨ä¸Šæµ·è‹å·æµ™æ±Ÿå±•å¼€çš„åŒ»ç–—æŠ€æœ¯å±•åˆ›æ–°å±•æœ¬ç€æ´å¯Ÿè¡Œä¸šå‘å±•è¶‹åŠ¿,åŠ é€Ÿè¡Œä¸šåˆ›æ–°çš„å®—æ—¨ï¼Œæ‰“é€ åŒ»ç–—å™¨æ¢°è¡Œä¸šç‹¬å…·ç‰¹è‰²çš„åˆ›æ–°èšé›†åœ°ï¼Œæ±‡èšå…¨çƒé¢†å…ˆçš„åŒ»ç–—å™¨æ¢°è¡Œä¸šä¸Šä¸‹æ¸¸ä¼ä¸šï¼Œä¸ºè§‚ä¼—å‘ˆç°æœ€æ–°çš„æŠ€æœ¯ä¸äº§å“ï¼Œæ»¡è¶³ä¸æ–­å˜åŒ–åŠæå‡çš„åŒ»ç–—å¸‚åœºéœ€æ±‚ï¼Œæä¾›é«˜æ•ˆé¢å¯¹é¢æ²Ÿé€šå¹³å°ã€‚",Europe,Digital Health,Healthcare Technology,,,,,,,,17121255168,,,,"java, ai, ml",,,,Featured in media coverage,72.0,2025-07-13 08:57:03,https://www.medicalfair.cn,validated
"Bioprocess Online for bioanalytics,  biopurification, biopro",https://www.bioprocessonline.com,Contact Us Work For Us googletag.cmd.push(function () { googletag .,Europe,Pharmaceuticals,Medical Devices,,,,Acquisition,,,,599380169350,,,,"react, ai",,"Us Request More Information Our Partners Subscribe Newsletter Follow Us on LinkedIn Life Science Connect Advancing RNA Biosimilar Development Cell, And Overcoming Regulatory Friction Finding Compatibility In Love And CDMO, Demand Webinars INDUSTRY NEWS Packaging And Process Equipment Auction Announced InQuest Science Seeking Business Development Executive To Promote Software Technologies Riverarch Equity Partners Announce Acquisition Of Alconox By Portfolio Company TCP Analytical CAI And ValGenesis","split(""&"")[0], online: window[""__currentOnline__""], captchaTokenUrl: '/recaptcha', recaptchaKey: '6LcKaKAqAAAAAFgmgtuEwWdMnH7dTrm23MbZpz6J' }); } }) Partner With Us Request More Information Our Partners Subscribe Newsletter Follow Us on LinkedIn Life Science Connect Advancing RNA Biosimilar Development Cell &amp; Gene Clinical Leader Clinical Supply Leader Clinical Tech Leader Drug Discovery Online Laboratory Network Life Science Leader Med Device Online Outsourced Pharma Pharmaceutical Online Editorial Archived Newsletters Article Reprints Editorial Submission Guidelines The Expert Network Events CMO Leadership Awards CRO Leadership",Featured in media coverage,72.0,2025-07-13 08:57:51,https://www.bioprocessonline.com,validated
åº·å¤è®¾å¤‡ä¸è§£å†³æ–¹æ¡ˆå±•è§ˆä¼š,https://www.rehacare-c.com,"MEDICAL FAIR BRASIL - åœ£ä¿ç½—</a></li> -->
								<li><a href=""https://www.",Europe,Digital Health,Healthcare Technology,,,,,,,,10838420270,,,,"java, ai, ml",,,,Featured in media coverage,72.0,2025-07-13 08:58:08,https://www.rehacare-c.com,validated
Das Ã„rztenetzwerk von Ã„rzten fÃ¼r Ã„rzte | esanum,https://esanum.de/,DE revolutioniert die Diagnose seltener genetischer Erkrankungen und Krebs mit der Ganz-Genom-Analyse â€“ Ã¼ber 5000 Patienten profitieren bereits.,"Deutschland, verursacht",Digital Health,Healthcare Technology,,,,IPO,,,,,,,,"ai, ml",,,,,68.0,2025-07-13 08:47:54,https://esanum.de/,validated
Digital Health Assistant &amp; Symptom Checker | Symptoma,https://www.symptoma.com/,Digital Health Assistant &amp; Symptom Checker | Symptoma var ua = window.,Wiener Melange,Digital Health,Medical Devices,,,,,,,,,,,,"java, ai, ml",,,,,68.0,2025-07-13 08:50:04,https://www.symptoma.com/,validated
Wellster,https://www.wellster.com/,Healthcare technology company providing innovative solutions,Europe,Digital Health,Healthcare Technology,,,,,,,,,,,,,,,,,68.0,2025-07-13 08:51:53,https://www.wellster.com/,validated
Devicemed.Us15.List Manage1,https://www.devicemed.us15.list-manage1.com,Healthcare technology company providing innovative solutions,Europe,Digital Health,Healthcare Technology,,,,,,,,,,,,"aws, ai",,,,,68.0,2025-07-13 08:54:18,https://www.devicemed.us15.list-manage1.com,validated
Medicalpark,https://www.medicalpark.site,Medicalpark Passwort --> Passwort Angemeldet bleiben try{document.,Europe,Digital Health,Healthcare Technology,,,,,,,,,,,,ml,,,,,68.0,2025-07-13 08:56:07,https://www.medicalpark.site,validated
Medical Park,https://www.medicalpark.online,Medical Park Passwort --> Passwort Angemeldet bleiben try{document.,Europe,Digital Health,Healthcare Technology,,,,,,,,,,,,"ai, ml",,,,,68.0,2025-07-13 08:56:54,https://www.medicalpark.online,validated
Your Page Title,https://www.rehabmed.or.th,Healthcare technology company providing innovative solutions,Europe,Digital Health,Healthcare Technology,,,,,,,,,,,,,,,,,68.0,2025-07-13 08:57:45,https://www.rehabmed.or.th,validated
Med Techexpo,https://www.med-techexpo.com,Healthcare technology company providing innovative solutions,Europe,Digital Health,Healthcare Technology,,,,,,,,,,,,ml,,,,,68.0,2025-07-13 08:58:03,https://www.med-techexpo.com,validated
