name,website,description,location,category,subcategory,founded_year,employees,funding,products,email,phone,linkedin,twitter,address,ceo,revenue,technologies,target_market,certifications,partners,awards,data_quality_score,extraction_date,source
OptiMedis,https://www.optimedis.de,"Gesundheitsversorgung muss nachhaltig, fair und patientenorientiert sein. Deshalb forschen wir, entwickeln zukunftsweisende LÃ¶sungen und setzen sie regional um.",Hamburg,Electronic Health Records,Software Solutions,2022,,,products{padding:0!important;line-height:1.,office@optimedis.de,+49 40 22621149-0,https://www.linkedin.com/company/3493599,https://twitter.com/share?url=https%3A%2F%2Foptimedis.de%2F&text=Startseite,,,,"AI, ML, Java",B2C,"GDPR, CE",is,,8.0,2025-07-13,Direct URL
Caspar Health,https://www.caspar-health.com,Effizienz und QualitÃ¤t durch digitalisierte Prozesse und optimierte Ressourcennutzung steigern.,Berlin,Electronic Health Records,Software Solutions,,,,"apple-touch-icon""/><!-- Google Tag Manager -->
<script>(function(w,d,s,l,i){w[l]=w[l]||[];w[l].",patientenbetreuung@caspar-clinic.de,+49 (30) 12 08 2976,https://www.linkedin.com/company/caspar-health/,,,,,"AI, ML, Java",B2B,"CE, certification",,,7.5,2025-07-13,Direct URL
contextflow &#8211; See beyond a single case,https://www.contextflow.com,"Quantitative and qualitative information for lung cancer, ILD and COPD directly in your viewer",Vienna,Electronic Health Records,Software Solutions,,,,"Products</p>

                                                    <ul>
                             ",office@contextflow.com,+604800,https://www.linkedin.com/company/contextflow,https://twitter.com/contextflow_rad,,,,"AI, ML, Java",patients,"CE, certified",ow,,7.5,2025-07-13,Direct URL
Medication dispensing service,https://www.evondos.com,"Welcome to Evondos, leading in the market when it comes to automated medicine dispensing service and robots. This is the start page.",Helsinki,Pharmaceuticals,Software Solutions,,,,"service | Evondos</title>
            <link rel=""shortcut icon"" href=""https://www.",info@evondos.com,+358 2 777 760,https://www.linkedin.com/company/evondos-oy/,,,,,"AI, ML, Java",patients,CE,,,7.5,2025-07-13,Direct URL
Medikamenten,https://www.mediteo.com,mediteo ist Ihre Medikamenten-Erinnerung! Mit der kostenlosen Tabletten-App kÃ¶nnen Sie den Ãœberblick Ã¼ber Ihren Medikamentenplan behalten.,UK,Electronic Health Records,Software Solutions,,,,"Service-QualitÃ¤t (DISQ) zeichnet mediteo mit ""sehr gut"" aus.",icon32OtherLocation@3x.png,+604800,https://www.linkedin.com/company/mediteo-gmb,,,,,"AI, ML, Java",,"ISO, GDPR, CE",ww,,7.5,2025-07-13,Direct URL
Doctolib : Prenez rendez,https://www.doctolib.com,Trouvez rapidement un spÃ©cialiste prÃ¨s de chez vous et prenez rendez-vous gratuitement en ligne en quelques clics,Berlin,Telemedicine,Software Solutions,,,,"production""><meta charset=""utf-8"" /><meta name=""csrf-param"" content=""authenticity_token"" />
<meta na",ab4f5343d97c4399bb5352f61065a64d@o38419.ingest.sentry.io,+00 0 00,https://www.linkedin.com/company/doctolib,,"54 quai Charles Pasqua, 92300 Levallois",,,"AI, ML, React, Java, AWS",B2B,"ISO, GDPR, CE",ro,"Versorgung\"",\""persecuted_person\"":\""Verfolgte\"",\""severely_handicapped_person\"":\""SchwerbeschÃ¤digte",7.5,2025-07-13,Auto-discovered
Diagnosia,https://www.diagnosia.com,"Diagnosia liefert dir alles, was du Ã¼ber Medikamente wissen musst, da wo du es brauchst: in deiner Kitteltasche!",Europe,Pharmaceuticals,Software Solutions,2024,,,"Appstore</a></li>
                    <li class=""nav-item""><a class=""nav-link"" href=""#section2"">Ãœbe",support@apoverlag.at,+4314023588912,,,,,,"AI, ML",,CE,,,7.0,2025-07-13,Direct URL
Die Plattform fÃ¼r Top-Jobs in Pflege &amp; Medizin,https://www.medwing.com,Top-Jobs in Pflege &amp; Medizin finden. Beste FachkrÃ¤fte &amp; renommierte Arbeitgeber auf MEDWING.,Berlin,Electronic Health Records,Software Solutions,2024,,,"service""><img alt=""caretaking_service"" width=""64"" height=""64"" decoding=""async"" data-nimg=""1"" style=""",,202 380 920,https://www.linkedin.com/company/medwing/,,,,,"AI, ML, Java",B2B,"CE, certified",tt,"Krankenpflegehelfer/in\"",\""medical_medical_specialist\"":\""Facharzt/ FachÃ¤rztin\"",\""medical_medical_s",7.0,2025-07-13,Direct URL
Homepage,https://www.aidhere.com,Sidekick Health Germany develops digital health applications for the holistic treatment of diseases.,Hamburg,Medical Devices,Hardware/Devices,,,,"products/"" class=""elementor-item"">Products</a></li>
<li class=""menu-item menu-item-type-post_type me",,929 333 958,https://www.linkedin.com/company/aidhere/mycompany/,https://twitter.com/aidhere_DE,,,,"AI, ML, Java",patients,"ISO, CE, certification",el,,6.5,2025-07-13,Direct URL
Photo Editor,https://www.befunky.com,Combine multiple photos into one with a grid layout,Europe,AI/ML Healthcare,AI/ML Solutions,,,,"product"":""prod_E6dK673YmWmDQG"",""unit_amount"":8388,""type"":""recurring"",""recurring"":""year"",""active"":tru",b2869f1592ed45e586418602b8f9fd0a@sentry.io,262 506 198,https://www.linkedin.com/company/befunky,https://twitter.com/befunky,,,,"AI, ML, Java",,CE,pp,,6.5,2025-07-13,Direct URL
Booking Health ðŸ¥ Hospital and the best health care booking service in the world,https://www.bookinghealth.com,Treating abroad â­ Find quality health care with BookingHealth â­ Find the best treatment options around the world for health care for yourself â­ Saving up to 60% of the cost of treatment,Berlin,Telemedicine,Software Solutions,,,,"productive-medicine/female-infertility-in-vitro-fertilization-ivf"">In-vitro-Fertilization
      (IVF",,+0000-00,,,,,,"AI, ML, Java",patients,"ISO, CE, certification",aq,The certification may be awarded to highly specialized centers for the treatment of cancer of a spec,6.5,2025-07-13,Direct URL
Caresyntax,https://www.caresyntax.com,"Deliver seamless integration, surgical workflow, and data analytics to drive actionable insights to optimize every aspect of surgery with Caresyntax.",Berlin,Electronic Health Records,Software Solutions,,,,"products: leverage the Caresyntax tech and services platform to collect, organize, and generate insi",,145 123 145,https://www.linkedin.com/company/caresyntax,https://twitter.com/caresyntax,,,,"AI, ML, Java, AWS",enterprise,"ISO, HIPAA, GDPR",ow,,6.5,2025-07-13,Direct URL
coming,https://www.corpuls.com,Healthcare technology company,Geneva,Telemedicine,Software Solutions,,,,Product .,wolf-creek-us-ip-coming-soon-header-fd305796-4d7f91e3-mh1098@2560w.webp,,https://www.linkedin.com/company/gs-corpuls/about/,,"1""/><meta name=""referrer"" content=""strict-origin-when-cross-origin""/><meta name=""Generator"" content=""WeblicationÂ® CMS""/><!--[if IE]><meta http-equiv=""x-ua-compatible"" content=""IE=edge"" /><![endif]--><meta name=""format-detection"" content=""telephone=no""/><meta name=""facebook-domain-verification"" content=""lcmb8je1ee0ru3i5g96v9p1n89yumt""/><meta name=""geo.region"" content=""DE-BY""/><meta name=""geo.placename"" content=""HauswiesenstraÃŸe 26, 86916 Kaufering",,,"AI, ML, Java",,"ISO, CE",,"navid=866231866231"">Training &amp; Courses</a><span class=""navpointToggler""></span><ul data-navlevel",6.5,2025-07-13,Direct URL
Ehealth Tec,https://www.ehealth-tec.de,"DocMorris's vision is to create a world for everyone to manage their health in one click. Weâ€™re making this possible by connecting patients and customers with doctors, pharmacies and health insurers on a single platform.",Netherlands,Pharmaceuticals,Software Solutions,,,,solutions.,,100 200 300,https://www.linkedin.com/company/docmorris,,,,,"AI, ML",B2B,CE,,,6.5,2025-07-13,Direct URL
A Digital Therapeutics Company for Diabetes Management,https://www.hedia.co,Our company vision is to improve quality of life for people with diabetes and make the best diabetes management tools available.,Copenhagen,Digital Therapeutics,Software Solutions,,,,product is available on the market.,hello@hedia.com,,https://www.linkedin.com/company/hedia/,https://twitter.com/hediabetes/,,to expand,,"AI, ML, Java",B2B,"CE, certification",ww,,6.5,2025-07-13,Direct URL
Die effizienteste und komfortabelste Art der Patientenaufnahme,https://www.idana.com,Mit Idana befragen Sie Patient:innen vorab digital. Entlasten Sie Ihr Team und begeistern Sie Ihre Patient:innen.,Europe,Electronic Health Records,Software Solutions,,,,"product-gallery__image""),r=0,a=i.",Gruppe-1041@3x-1024x700.png,+49 761 600 6784 1,https://www.linkedin.com/company/10965711,https://twitter.com/IdanaTomes1,,,,"AI, ML, Java",enterprise,"ISO, CE",na,,6.5,2025-07-13,Direct URL
Noom: Lose weight and keep it off.,https://www.noom.com,"Award-winning, psychology based weight loss and high-quality GLP-1 meds all in one place. Sign up for Noom today.",Europe,Health Analytics,Software Solutions,,,,"production div:before {background-color:#00D263!important;}
</style>
<link data-minify=""1"" rel='styl",home-hrt-banner-with-circle@2x-scaled-1.webp,496 512 828,https://www.linkedin.com/company/noom-inc/',https://twitter.com/noom',,,,"AI, ML, Java",B2B,"ISO, HIPAA, FDA",,"description"" content=""Award-winning, psychology based weight loss and high-quality GLP-1 meds all in",6.5,2025-07-13,Direct URL
Novartis,https://www.novartis.com,"Working together, we can reimagine medicine to improve and extend peopleâ€™s lives.",Germany,Mental Health,Software Solutions,,,,"Products"" href=""/about/products"" >
    <i class=""borderH""></i>
      Products&nbsp;

          </a>
",,434-1032-411,https://www.linkedin.com/company/novartis,https://www.twitter.com/novartis,,,,"AI, ML, Java",B2C,CE,nu,"Hale&nbsp;

          </a>
    
</li>
<li  class=""we-mega-menu-li"" data-level=""2"" data-element-type=",6.5,2025-07-13,Auto-discovered
R&amp;D,https://www.sanofi.com,"Sanofi is a research &amp; development-driven, AI-powered healthcare biopharma company committed to improving lives through innovative medicines &amp; vaccines.",Germany,Pharmaceuticals,Software Solutions,,000,,"platforms"" target=""_self"" data-discover=""true"">Technology Platforms </a></li><li tabindex=""1"" class=",,144-144-144,https://www.linkedin.com/company/sanofi,https://twitter.com/sanofi,,,,"AI, ML, React",consumer,"ISO, CE",th,,6.5,2025-07-13,Auto-discovered
AI-Medics,https://www.ai-medics.com,"Sign up for our email list for updates, promotions, and more.","2012, 2014 Adobe",Digital Health,General,2017,,,solution: 192dpi){.,,+0400-045,,,,,,"AI, ML",,CE,,,6.0,2025-07-13,Direct URL
Dedalus #Ways: Delivering Value in Healthcare,https://www.dedalus.com,"Dedalus: A leader in healthcare software, offering #Ways for seamless care and value across the healthcare ecosystem with innovative solutions.",Paris,Electronic Health Records,Software Solutions,2024,,,product-information-section-swiper-container .,,,https://www.linkedin.com/company/dedalus-group/,,,,,"AI, ML, Java",enterprise,CE,ww,,6.0,2025-07-13,Direct URL
Orthotics and Prosthetics Medical Software,https://www.medflex.com,"Find O&amp;P medical practice management solutions at Medflex, a leading software company specializing durable medical equipment including electronic medical record, reporting, and analytics.",Europe,Electronic Health Records,Software Solutions,2023,,,"Productivity</h4><div data-ux=""ContentText"" alignment=""center"" data-aid=""ABOUT_DESCRIPTION_RENDERED1",,+0460-052,,,,,,"AI, ML, React",patients,CE,,,6.0,2025-07-13,Direct URL
Covimo,https://www.covimo.de,Things I&#39;m working on and interested in,Berlin,Digital Health,General,,,,"application/rss+xml"" title=""RSS"" href=""/index.",patrick.hausmann@covimo.de,,,,,,,"AI, ML, Java",,CE,,,5.5,2025-07-13,Direct URL
DrFirst,https://www.drfirst.com,Streamline your healthcare workflow with DrFirst. Optimize your healthcare operations with DrFirst,Europe,Telemedicine,Software Solutions,,,,"Products</a>
   <ul role=""menu"" class=""hs-menu-children-wrapper"">
    <li class=""hs-menu-item hs-men",,208 208 208,https://www.linkedin.com/company/drfirst,,,and Chief,,"AI, ML, Java",patients,"ISO, CE, certification",st,"com/healthiverse-heroes-award"" role=""menuitem"">HealthiverseÂ® Heroes Award</a></li>
    <li class=""hs",5.5,2025-07-13,Direct URL
Better is possible for innovation,https://www.innosabi.com,"Machine learning and AI are integral components of our products. Benefit from accelerated AI enabled searches and insight, AI assisted suggestions, submissions and processes. All embedded within the innosabi innovation management platform.",Europe,Pharmaceuticals,Software Solutions,,,,products and services and the lives of employees and consumers.,,375-0131-5020,https://www.linkedin.com/company/innosabi-gmbh/,,,,,"AI, ML, Java, AWS",B2C,"FDA, CE",es,"Ai</a> has been awarded a new contract with <a href=""https://www",5.5,2025-07-13,Direct URL
IsarMed &#8211; Praxis fÃ¼r PRM &#8211; Magnus Ott,https://www.isarmed.de,Chirotherapie &#8211; Manuelle Medizin &#8211; Osteopathie &#8211; Ultraschall &#8211; Psychosomatische Grundversorgung &#8211; Schmerztherapie &#8211; Begutachtungen,Europe,Digital Health,General,,,,solution:192dpi){:root{--wp-admin-border-width-focus:1.,info@isarmed.de,+604800,,,,,,"AI, ML, Java",,CE,,,5.5,2025-07-13,Direct URL
jameda,https://www.jameda.de,"Termine online od. telefonisch buchen âœ“ Arztsuche nach FachÃ¤rzten, Spezialisten, Kliniken uvm. âœ“ Ãœber 2 Mio. geprÃ¼fte Patienten-Feedbacks âœ“",Berlin,Electronic Health Records,Software Solutions,,,,platform.,,,,,,,,"AI, ML, Java, AWS",enterprise,"ISO, GDPR, CE",se,,5.5,2025-07-13,Direct URL
Patient Innovation,https://www.patient-innovation.com,"Patient Innovation is a nonprofit, international, multilingual, free venue for patients and caregivers of any disease to share their innovations.",Copenhagen,Medical Devices,Software Solutions,,,,product: http://ogp.,,,https://www.linkedin.com/company/patientinnovation/,http://www.twitter.com/PatientInnov,,,,"AI, ML, Java",patients,"ISO, CE",ww,"-- MENU -->
                                                           <ul class=""menu""><li class=""f",5.5,2025-07-13,Direct URL
Doing now what patients need next,https://www.roche.com,"As a pioneer in healthcare, we have been committed to improving lives since the company was founded in 1896 in Basel, Switzerland. Today, Roche creates innovative medicines and diagnostic tests that help millions of patients globally.",Switzerland,Pharmaceuticals,Software Solutions,,,,products which is targeted to a wide range of audiences and could contain product details or informa,,,https://www.linkedin.com/company/roche?trk=hb_tab_compy_id_1602,https://twitter.com/roche,,Thomas Schinecker,,"AI, ML, React, Java, AWS",B2B,"FDA, CE",ww,,5.5,2025-07-13,Auto-discovered
Abbott,https://www.abbott.com,"Innovative medical devices and health care solutions for cardiovascular health, diabetes management, diagnostic testing, nutrition, chronic pain and more.",Madrid,Health Analytics,Software Solutions,,3,,"products d-none"">
				
			</div>
		</div>
		

</div>





    


</div>
</li>
<li class=""m-mega-menu",,,https://www.linkedin.com/company/abbott-/,https://www.twitter.com/abbottnews,,,,"AI, ML, Java",B2C,"FDA, CE",rs,"html"" target=""_self"">PRESS CONTACTS</a>
			</li>
		
			
			<li class=""a-link"">
				<a class=""a-link_",5.5,2025-07-13,Auto-discovered
findhelp.org by findhelp,https://www.findhelp.com,"Search and connect to support. Find financial assistance, food pantries, medical care, and other free or reduced-cost help in your area, anywhere in the US.",UK,Digital Health,General,,,,service navigator.,,,,,,,,"AI, ML, React, Java",enterprise,"FDA, CE",ns,,4.5,2025-07-13,Direct URL
iMedikament.de,https://www.imedikament.de,Healthcare technology company,Europe,Electronic Health Records,Software Solutions,,,,"application/javascript"">
        window.",,,,,,,,"AI, ML, Java",,CE,er,,4.5,2025-07-13,Direct URL
Varian Medical Systems,https://www.varian.com,Imagine a world without fear of cancer. We do. This vision drives everything we do. It inspires our mission: to combine the ingenuity of people with the power of data and technology to achieve new victories against cancer.,Europe,AI/ML Healthcare,AI/ML Solutions,,73,,"products/radiotherapy/treatment-planning/rapidarc-dynamic"",
          ""postCountdownLinkText"": ""Lear",,,,,,,,"AI, ML",patients,"FDA, CE",,,4.5,2025-07-13,Direct URL
Philips healthcare: Innovative medical solutions,https://www.philips.com/healthcare,"Improving people&#x27;s health and well-being through meaningful innovation in hospital patient monitoring, diagnostic imaging, and enterprise informatics.",Europe,Telemedicine,Software Solutions,,,,"products_&amp;_services"" href="""" tabindex=""0"" data-react-aria-pressable=""true"" class=""f9fv1o3 e8oad4",,,https://www.linkedin.com/company/philips/,https://twitter.com/PhilipsHealth,,,,"AI, ML, React",enterprise,"ISO, CE",eb,,4.5,2025-07-13,Auto-discovered
Siemens Healthineers,https://www.siemens-healthineers.com,We pioneer breakthroughs in healthcare. For everyone. Everywhere. Sustainably. Discover more about our innovative medtech and the people behind it.,Europe,Medical Imaging,Software Solutions,,3,,"products-services"" target=""_blank""><span class=""meta-menu__link""><i class=""corporate-icon-avatar""></",,,https://www.linkedin.com/company/siemens-healthineers,,,,,"AI, ML, React, Java",B2B,"ISO, CE",ww,,4.5,2025-07-13,Auto-discovered
Incorrect Browser,https://www.medtronic.com,Healthcare technology company,Europe,Digital Health,General,,,,,DLAEMSUPPORTHELP@medtronic.onmicrosoft.com,,,,,,,"AI, ML",,CE,,,4.5,2025-07-13,Auto-discovered
Acalta,https://www.acalta.de,"Unser Digital Health Startup entwickelt digitale Anwendungen fÃ¼r die Gesundheitsversorgung. Damit setzen wir neue MaÃŸstÃ¤be und sorgen dafÃ¼r, dass sich sowohl Ã„rzte als auch Patienten auf das Wesentliche fokussieren kÃ¶nnen: QualitÃ¤t und ausreichend zeitliche Ressourcen fÃ¼r den Behandlungsablauf.",Europe,Digital Health,General,,,,"platform"" class=""nav-link top w-nav-link"">Gesundheitsdienstleister</a><a href=""/gesundheitsdienstlei",,,https://www.linkedin.com/company/acalta-gmbh,https://twitter.com/AcaltaGmbh,,,,"AI, ML, Java",B2B,CE,dn,,3.5,2025-07-13,Direct URL
Amplifire,https://www.amplifire.ai,Healthcare technology company,Europe,Digital Health,General,,,,,,,,,,,,ML,,,,,3.5,2025-07-13,Direct URL
Beurer Connect,https://www.beurer-connect.com,Healthcare technology company,Europe,Digital Health,General,,,,,,,,,,,,ML,,,,,3.5,2025-07-13,Direct URL
Cankado,https://www.cankado.com,"Analyzing and tracking symptoms with Cankado Digital Health means improved patient safety, improved quality of life for oncology treatment care.",Europe,Digital Health,General,,,,app.,,,,,,,,"AI, ML, Java",,CE,,,3.5,2025-07-13,Direct URL
Clue&reg; Computing Home Page,https://www.clue.com,"Welcome to Clue&reg; Computing. Clue&reg; offers a wide array of
consulting services for businesses needing dependable, high quality
work done at a reasonable price.",Europe,Digital Health,General,,,,"services for businesses needing dependable, high quality
work done at a reasonable price.",,,,,,,,"AI, ML",,"ISO, CE",,,3.5,2025-07-13,Direct URL
tinnitushelp.com&nbsp;,https://www.tinnitushelp.com,"This website is for sale! tinnitushelp.com is your first and best source for all of the information youâ€™re looking for. From general topics to more of what you would expect to find here, tinnitushelp.com has it all. We hope you find what you are searching for!",Europe,Digital Health,General,,,,services/parking.,,,,,,,,"AI, ML, Java, AWS",B2C,CE,lp,,3.5,2025-07-13,Direct URL
